-- phpMyAdmin SQL Dump
-- version 4.7.3
-- https://www.phpmyadmin.net/
--
-- Hôte : agekhanokcroot.mysql.db
-- Généré le :  lun. 12 nov. 2018 à 17:16
-- Version du serveur :  5.6.39-log
-- Version de PHP :  7.0.32

SET SQL_MODE = "NO_AUTO_VALUE_ON_ZERO";
SET AUTOCOMMIT = 0;
START TRANSACTION;
SET time_zone = "+00:00";


/*!40101 SET @OLD_CHARACTER_SET_CLIENT=@@CHARACTER_SET_CLIENT */;
/*!40101 SET @OLD_CHARACTER_SET_RESULTS=@@CHARACTER_SET_RESULTS */;
/*!40101 SET @OLD_COLLATION_CONNECTION=@@COLLATION_CONNECTION */;
/*!40101 SET NAMES utf8mb4 */;

--
-- Base de données :  `agekhanokcroot`
--

-- --------------------------------------------------------

--
-- Structure de la table `bl_comments`
--

CREATE TABLE `bl_comments` (
  `id` int(11) NOT NULL,
  `post_id` int(11) NOT NULL,
  `author` varchar(255) NOT NULL,
  `comment` text NOT NULL,
  `comment_date` datetime NOT NULL,
  `published` int(11) NOT NULL DEFAULT '1',
  `moderated` int(11) NOT NULL DEFAULT '0',
  `avatar` int(11) NOT NULL DEFAULT '1'
) ENGINE=MyISAM DEFAULT CHARSET=utf8;

--
-- Déchargement des données de la table `bl_comments`
--

INSERT INTO `bl_comments` (`id`, `post_id`, `author`, `comment`, `comment_date`, `published`, `moderated`, `avatar`) VALUES
(1, 16, 'M@teo21', 'Un peu court ce billet !', '2010-03-25 16:49:53', 1, 0, 5),
(2, 16, 'Maxime', 'Oui, ça commence pas très fort ce blog...', '2010-03-25 16:57:16', 1, 1, 4),
(3, 16, 'MultiKiller', '+1 !', '2010-03-25 17:12:52', 0, 0, 1),
(4, 14, 'John', 'Preum\'s !', '2010-03-27 18:59:49', 1, 0, 1),
(5, 14, 'Maxime', 'Excellente analyse de la situation !\r\nIl y arrivera plus tôt qu\'on ne le pense !', '2010-03-27 22:02:13', 1, 0, 1),
(25, 14, 'admin', '<p>Je persiste et signe n\'importe quoi !!!</p>', '2018-09-26 06:58:15', 1, 0, 1),
(24, 14, '8', '<p>N\'importe quoi</p>', '2018-09-26 06:55:53', 0, 0, 1),
(28, 16, 'cthierry', 'Test de la fonction', '2018-10-16 09:15:06', 1, 1, 1),
(29, 16, 'cthierry', 'Test', '2018-10-16 10:00:39', 0, 0, 1),
(30, 16, 'cthierry', 'test', '2018-10-16 10:28:23', 0, 0, 1),
(31, 16, 'cthierry', 'Test no 3', '2018-10-16 10:31:57', 1, 1, 1),
(32, 16, 'cthierry', 'test noIV', '2018-10-16 10:32:55', 1, 1, 3),
(33, 16, 'cthierry', 'Et un test de plus', '2018-10-16 11:13:56', 1, 1, 3),
(34, 16, 'cthierry', 'test apres reorganisation', '2018-10-17 13:14:15', 0, 0, 1),
(35, 16, 'cthierry', '2e test apres reorganisation', '2018-10-17 13:16:12', 1, 1, 1),
(36, 16, 'cthierry', 'Et pourquoi pas !!', '2018-11-07 15:33:36', 0, 1, 1),
(37, 5, 'Florent', 'alert(\'test\');', '2018-11-07 21:01:06', 1, 0, 5),
(38, 5, 'admin', 'alert(\"test\");', '2018-11-07 21:01:19', 1, 0, 5);

-- --------------------------------------------------------

--
-- Structure de la table `bl_members`
--

CREATE TABLE `bl_members` (
  `members_id` int(11) NOT NULL,
  `members_pseudo` varchar(30) CHARACTER SET latin1 COLLATE latin1_general_ci NOT NULL,
  `members_lastName` varchar(50) CHARACTER SET latin1 COLLATE latin1_general_ci NOT NULL,
  `members_firstName` varchar(50) CHARACTER SET latin1 COLLATE latin1_general_ci NOT NULL,
  `members_pwd` varchar(255) CHARACTER SET latin1 COLLATE latin1_general_ci NOT NULL,
  `members_email` varchar(250) CHARACTER SET latin1 COLLATE latin1_general_ci DEFAULT NULL,
  `members_avatar` int(11) DEFAULT '7',
  `members_localisation` varchar(100) CHARACTER SET latin1 COLLATE latin1_general_ci DEFAULT NULL,
  `members_registred` int(11) DEFAULT '0',
  `members_lastVisit` datetime DEFAULT NULL,
  `members_level` tinyint(4) DEFAULT '2',
  `members_post` int(11) DEFAULT NULL,
  `members_creationDate` datetime DEFAULT NULL
) ENGINE=MyISAM DEFAULT CHARSET=utf8;

--
-- Déchargement des données de la table `bl_members`
--

INSERT INTO `bl_members` (`members_id`, `members_pseudo`, `members_lastName`, `members_firstName`, `members_pwd`, `members_email`, `members_avatar`, `members_localisation`, `members_registred`, `members_lastVisit`, `members_level`, `members_post`, `members_creationDate`) VALUES
(10, 'revoke', 'REVOKE', 'Cpte', '$2y$10$PGH15INfWV5ySHY7uKlvXuvPagOqr0UJy3DJ5Iu6KayKreOhPOE5e', 'revoke@agekhanonix.fr', 7, NULL, 1, NULL, 2, NULL, '2018-09-25 18:53:24'),
(9, 'guest', 'GUEST', 'Cpte', '$2y$10$GL.u9Uori5O6JTR0QspBDuI3oR5fII.1JGsqN04CWUpBktoVnTOnO', 'guest@agekhanonix.fr', 6, NULL, 0, '2018-10-04 10:26:57', 2, NULL, '2018-09-25 18:52:44'),
(8, 'admin', 'ADMIN', 'Cpte', '$2y$10$qTsXTNno9NVQ/6ZHy46SauzvnjyEf2oURaVolcn3LQjALlT4R1OhG', 'admin@agekhanonix.fr', 5, NULL, 0, '2018-10-18 16:19:33', 4, NULL, '2018-09-25 18:51:58');

-- --------------------------------------------------------

--
-- Structure de la table `bl_posts`
--

CREATE TABLE `bl_posts` (
  `id` int(11) NOT NULL,
  `no` int(11) NOT NULL,
  `title` varchar(255) NOT NULL,
  `content` text NOT NULL,
  `creation_date` datetime NOT NULL,
  `published` int(11) NOT NULL DEFAULT '0'
) ENGINE=MyISAM DEFAULT CHARSET=utf8;

--
-- Déchargement des données de la table `bl_posts`
--

INSERT INTO `bl_posts` (`id`, `no`, `title`, `content`, `creation_date`, `published`) VALUES
(16, 3, 'BUCK prend le commandement', '<p>&ndash; Hein ! qu&rsquo;est-ce que j&rsquo;avais pr&eacute;vu ? L&rsquo;avais-je dit que Buck valait deux diables ?</p>\r\n<p>Ainsi parlait Fran&ccedil;ois, quand le matin suivant, ayant constat&eacute; la disparition de Spitz, il attira Buck pr&egrave;s du feu, pour compter ses blessures.</p>\r\n<p>&ndash; Ce Spitz s&rsquo;est battu comme un d&eacute;mon, dit Perrault, en examinant les nombreuses d&eacute;chirures b&eacute;antes.</p>\r\n<p>&ndash; Et ce Buck comme l&rsquo;enfer tout entier, r&eacute;pondit Fran&ccedil;ois. Maintenant nous allons bien marcher&hellip; Plus de Spitz, plus d&rsquo;ennuis !</p>\r\n<p>Tandis que Perrault emballait les effets de campement et chargeait le tra&icirc;neau, Fran&ccedil;ois s&rsquo;occupait d&rsquo;atteler les chiens. Buck vint &agrave; la place qu&rsquo;occupait Spitz comme chef de file, mais Fran&ccedil;ois, sans faire attention &agrave; lui, installa &agrave; ce poste tant d&eacute;sir&eacute; Sol-leck, qu&rsquo;il jugeait le plus apte &agrave; l&rsquo;occuper ; Buck furieux sauta sur le Mal-Content, le chassa et se mit &agrave; sa place.</p>\r\n<p>&ndash; H&eacute;, h&eacute; ! cria Fran&ccedil;ois en frappant joyeusement des mains, regardez ce Buck ! Il a tu&eacute; Spitz, et maintenant il croit faire l&rsquo;affaire comme chef.</p>\r\n<p>&ndash; Va-t&rsquo;en ! hors de l&agrave; !&hellip; cria-t-il.</p>\r\n<p>Mais Buck refusa de bouger. Fran&ccedil;ois prit le chien par la peau du cou malgr&eacute; ses grognements mena&ccedil;ants, le mit de c&ocirc;t&eacute; et repla&ccedil;a Sol-leck dans les traits. Cela ne faisait pas du tout l&rsquo;affaire du vieux chien, terrifi&eacute; par l&rsquo;attitude mena&ccedil;ante de Buck. Fran&ccedil;ois s&rsquo;ent&ecirc;ta, mais d&egrave;s qu&rsquo;il eut le dos tourn&eacute;, Buck d&eacute;pla&ccedil;a Sol-leck qui ne fit aucune difficult&eacute; de s&rsquo;en aller. Fureur de Fran&ccedil;ois :</p>\r\n<p>&ndash; Attends un peu, je vais t&rsquo;apprendre !&hellip; cria-t-il, revenant arm&eacute; d&rsquo;un lourd b&acirc;ton.</p>\r\n<p>Buck, se rappelant l&rsquo;homme au maillot rouge, recula lentement, sans essayer de nouvelle charge, lorsque Sol-leck fut pour la troisi&egrave;me fois &agrave; la place d&rsquo;honneur ; mais, grognant de col&egrave;re, il se mit &agrave; tourner autour du tra&icirc;neau, hors de port&eacute;e du b&acirc;ton et pr&ecirc;t &agrave; l&rsquo;&eacute;viter si Fran&ccedil;ois le lui avait lanc&eacute;. Une fois Sol-leck attel&eacute;, le conducteur appela Buck pour le mettre &agrave; sa place ordinaire, devant Dave. Buck recula de deux ou trois pas ; Fran&ccedil;ois le suivit, il recula encore. Apr&egrave;s quelques minutes de ce man&egrave;ge, Fran&ccedil;ois l&acirc;cha son b&acirc;ton, pensant que le chien redoutait les coups. Mais Buck &eacute;tait en pleine r&eacute;volte. Ce n&rsquo;&eacute;tait pas seulement qu&rsquo;il cherch&acirc;t &agrave; &eacute;viter une correction, il voulait la direction de l&rsquo;attelage qu&rsquo;il estimait avoir gagn&eacute;e et lui appartenir de droit.</p>\r\n<p>Perrault vint &agrave; la rescousse ; pendant pr&egrave;s d&rsquo;une heure, les deux hommes s&rsquo;&eacute;vertu&egrave;rent &agrave; courir apr&egrave;s Buck, lui lan&ccedil;ant des b&acirc;tons qu&rsquo;il &eacute;vitait avec adresse. Il fut alors maudit ainsi que son p&egrave;re et sa m&egrave;re et toutes les g&eacute;n&eacute;rations qui proc&eacute;deraient de lui jusqu&rsquo;&agrave; la fin des si&egrave;cles ; mais il r&eacute;pondait aux anath&egrave;mes par des grognements et toujours &eacute;chappait. Sans tenter de s&rsquo;enfuir, il tournait autour du camp, pour bien prouver qu&rsquo;il ne voulait aucunement se d&eacute;rober, et qu&rsquo;une fois son d&eacute;sir satisfait, il se conduirait bien.</p>\r\n<p>Fran&ccedil;ois s&rsquo;assit et se gratta la t&ecirc;te ; Perrault regarda sa montre derechef, se mit &agrave; sacrer et jurer : le temps passait, il y avait d&eacute;j&agrave; une heure de perdue. Fran&ccedil;ois fourragea de plus belle dans ses cheveux ; puis il hocha la t&ecirc;te, ricana d&rsquo;un air assez penaud en regardant le courrier qui haussa les &eacute;paules comme pour constater leur d&eacute;faite. Fran&ccedil;ois s&rsquo;approcha de Sol-leck tout en appelant Buck ; celui-ci rit comme savent rire les chiens, mais il conserva ses distances. Fran&ccedil;ois d&eacute;tacha les traits de Sol-leck et le remit &agrave; sa place habituelle. L&rsquo;attelage pr&ecirc;t &agrave; partir formait une seule ligne compl&egrave;te sauf la place de t&ecirc;te qui attendait Buck. Une fois encore Fran&ccedil;ois l&rsquo;appela, mais une fois encore Buck fit l&rsquo;aimable sans s&rsquo;approcher de lui.</p>\r\n<p>&ndash; Jetez le b&acirc;ton, ordonna Perrault.</p>\r\n<p>Fran&ccedil;ois ayant ob&eacute;i, Buck trotta jusqu&rsquo;&agrave; lui, fr&eacute;tillant et glorieux, et se pla&ccedil;a de lui-m&ecirc;me &agrave; la t&ecirc;te de l&rsquo;attelage. Les traits une fois attach&eacute;s, le tra&icirc;neau d&eacute;marra, les deux hommes prirent le pas de course et tous se dirig&egrave;rent vers la rivi&egrave;re gel&eacute;e. Avant la fin du jour, Buck prouvait qu&rsquo;il &eacute;tait digne du poste si orgueilleusement revendiqu&eacute;. D&rsquo;un seul coup, il avait acquis l&rsquo;autorit&eacute; d&rsquo;un chef ; et dans les circonstances n&eacute;cessitant du jugement, une r&eacute;flexion prompte, ou une action plus rapide encore, il se montra sup&eacute;rieur &agrave; Spitz, dont Fran&ccedil;ois n&rsquo;avait jamais vu l&rsquo;&eacute;gal.</p>\r\n<p>Buck excellait &agrave; imposer la loi et &agrave; la faire respecter de ses camarades. Le changement de chef ne troubla ni Dave ni Sol-leck ; leur seule pens&eacute;e &eacute;tant de tirer de toutes leurs forces, pourvu que rien ne v&icirc;nt les en emp&ecirc;cher, ils ne demandaient pas autre chose. Le placide Billee aurait pu &ecirc;tre mis en t&ecirc;te qu&rsquo;ils l&rsquo;auraient accept&eacute; s&rsquo;il avait maintenu l&rsquo;ordre. Mais les autres chiens, indisciplin&eacute;s dans les derniers jours de Spitz, furent grandement surpris quand Buck se mit en devoir de leur faire sentir son autorit&eacute;. Pike, qui venait derri&egrave;re lui et qui jamais ne tirait une once de plus qu&rsquo;il ne fallait, fut si v&eacute;h&eacute;mentement repris de son manque de z&egrave;le, qu&rsquo;avant la fin du premier jour il tirait plus fort qu&rsquo;il ne l&rsquo;avait jamais fait encore. Joe le grincheux, ayant essay&eacute; de d&eacute;sob&eacute;ir, apprit dans la m&ecirc;me journ&eacute;e &agrave; conna&icirc;tre son ma&icirc;tre.</p>\r\n<p>La tactique de Buck fut simple et efficace. Profitant de son poids sup&eacute;rieur, il s&rsquo;installa sur son camarade, le harcela et le mordit jusqu&rsquo;&agrave; ce qu&rsquo;il cri&acirc;t gr&acirc;ce en g&eacute;missant. Le ton g&eacute;n&eacute;ral de l&rsquo;attelage se releva tout aussit&ocirc;t ; il reprit son ensemble, et les chiens tir&egrave;rent de nouveau comme un seul. Aux rapides Rinks, deux chiens du pays, Teek et Koona furent ajout&eacute;s &agrave; la meute, et la promptitude avec laquelle Buck les dressa stup&eacute;fia Fran&ccedil;ois.</p>\r\n<p>&ndash; Il n&rsquo;y a jamais eu un chien comme Buck, non jamais ! Il vaut mille dollars comme un cent ! N&rsquo;est-ce pas, Perrault ?</p>\r\n<p>Et Perrault approuvait. Non seulement il avait regagn&eacute; le temps perdu, mais il prenait tous les jours de l&rsquo;avance sur le dernier record. La voie, en excellente condition, &eacute;tait bien battue et durcie ; et il n&rsquo;y avait pas de neige nouvellement tomb&eacute;e pour entraver la marche. Le froid n&rsquo;&eacute;tait pas trop vif : le thermom&egrave;tre se maintint &agrave; cinquante degr&eacute;s au-dessous de z&eacute;ro, pendant tout le voyage. Les hommes se faisaient porter et couraient &agrave; tour de r&ocirc;le, et les chiens &eacute;taient tenus en haleine sans arr&ecirc;ts fr&eacute;quents.</p>\r\n<p>La rivi&egrave;re de Thirty-Mile &eacute;tait &agrave; peu pr&egrave;s gel&eacute;e, ce qui leur permit au retour de faire en une seule journ&eacute;e le trajet qui leur en avait pris dix en allant. D&rsquo;une seule traite ils firent les soixante miles qui vont du pied du lac Le Barge aux rapides de White-Horse ; et parvenus &agrave; la r&eacute;gion de Marsh, Tagish et Benett, les chiens prirent une allure si vertigineuse que celui des deux hommes dont c&rsquo;&eacute;tait le tour d&rsquo;aller &agrave; pied dut se faire remorquer par une corde &agrave; l&rsquo;arri&egrave;re du tra&icirc;neau. La derni&egrave;re nuit de la seconde semaine, on atteignit le haut de White-Pass, les voyageurs d&eacute;valaient la pente vers la mer, ayant &agrave; leurs pieds les lumi&egrave;res de Skagway et des navires de la rade. Durant quatorze jours, ils avaient fait une moyenne journali&egrave;re de quarante miles ! Perrault et Fran&ccedil;ois se pavan&egrave;rent pendant trois jours, dans la grande rue de Skagway, et furent combl&eacute;s d&rsquo;invitations &agrave; boire, tandis que l&rsquo;attelage &eacute;tait environn&eacute; d&rsquo;une foule admirative. Apr&egrave;s quoi, trois ou quatre chenapans de l&rsquo;Ouest, ayant fait une tentative de vol dans la ville, furent canard&eacute;s sans merci, et l&rsquo;int&eacute;r&ecirc;t du public changea d&rsquo;objet.</p>\r\n<p>Puis vinrent des ordres officiels : Fran&ccedil;ois appela Buck pr&egrave;s de lui, et l&rsquo;entoura de ses bras en pleurant ; ce fut leur derni&egrave;re entrevue, et Fran&ccedil;ois avec Perrault, comme bien d&rsquo;autres, pass&egrave;rent pour toujours hors de la vie de Buck.</p>\r\n<p>Ses camarades et lui furent alors confi&eacute;s &agrave; un m&eacute;tis &eacute;cossais, et reprirent, en compagnie d&rsquo;une douzaine d&rsquo;autres attelages, la p&eacute;nible route de Dawson. Il ne s&rsquo;agissait plus cette fois de fournir une course folle et de battre un record &agrave; la suite de l&rsquo;intr&eacute;pide Perrault. Ils faisaient le service de la poste, passant constamment par la m&ecirc;me route, tra&icirc;nant &eacute;ternellement la m&ecirc;me lourde charge. Ce m&eacute;tier ne plaisait pas autant &agrave; Buck, n&eacute;anmoins il mettait son orgueil &agrave; le bien faire, comme Dave ou Sol-leck et s&rsquo;assurait que ses camarades, contents ou non, le faisaient bien aussi.</p>\r\n<p>C&rsquo;&eacute;tait une vie monotone et r&eacute;gl&eacute;e comme le mouvement d&rsquo;une machine. Les jours &eacute;taient tous semblables entre eux. Le matin, &agrave; heure fixe, les cuisiniers apparaissaient, allumaient les feux, et on d&eacute;jeunait. Puis, tandis que les uns s&rsquo;occupaient de lever le camp, les autres attelaient les chiens, et le d&eacute;part avait lieu une heure avant la demi-obscurit&eacute; qui annonce l&rsquo;aurore. &Agrave; la nuit, on &eacute;tablissait le camp ; les uns pr&eacute;paraient les tentes, les autres coupaient du bois et des rameaux de sapins pour les lits, ou apportaient de l&rsquo;eau et de la glace pour la cuisine. On donnait alors aux chiens leur nourriture, ce qui &eacute;tait pour eux le fait principal de la journ&eacute;e ; puis une fois leur poisson mang&eacute;, ils allaient fl&acirc;ner dans le camp pendant une heure ou deux, faisant connaissance avec les autres chiens, en g&eacute;n&eacute;ral au nombre d&rsquo;une centaine. On comptait parmi ceux-ci de farouches batailleurs, mais trois victoires remport&eacute;es sur les plus redoutables acquirent &agrave; Buck la supr&eacute;matie, et tous s&rsquo;&eacute;loignaient quand il se h&eacute;rissait en montrant les dents.</p>\r\n<p>Son plus grand plaisir &eacute;tait de se coucher pr&egrave;s du feu, les pattes allong&eacute;es, les membres post&eacute;rieurs repli&eacute;s sous lui, la t&ecirc;te lev&eacute;e, les yeux clignotants &agrave; la flamme. Buck pensait alors parfois &agrave; la maison du juge Miller, dans la vall&eacute;e ensoleill&eacute;e, &agrave; la piscine ciment&eacute;e, &agrave; Ysabel, le Mexicain sans poils, ou au Japonais Toots ; mais le plus souvent il se rappelait l&rsquo;homme au maillot rouge, la mort de Curly, la grande bataille avec Spitz, et les bonnes choses qu&rsquo;il avait mang&eacute;es ou aimerait &agrave; manger. Il n&rsquo;avait pas le mal du pays : et le Sud lui &eacute;tait devenu vague et lointain. Bien plus puissante &eacute;tait chez lui l&rsquo;influence h&eacute;r&eacute;ditaire qui allait s&rsquo;affirmant chaque jour davantage, lui pr&eacute;sentant comme famili&egrave;res des choses jamais vues ; appelant imp&eacute;rieusement &agrave; la surface les instincts primitifs qui sommeillaient au fond de son &ecirc;tre.</p>\r\n<p>Parfois, &eacute;tendu devant le feu en regardant danser les flammes, immobile mais non endormi, il lui semblait avoir veill&eacute; jadis pr&egrave;s d&rsquo;un autre homme tout diff&eacute;rent du m&eacute;tis &eacute;cossais. Cet homme-l&agrave;, couvert de poils, les cheveux longs, prof&eacute;rait des sons inintelligibles en scrutant l&rsquo;obscurit&eacute; d&rsquo;un &oelig;il inquiet. Puis il c&eacute;dait au besoin de repos, et il semblait &agrave; Buck qu&rsquo;il prot&eacute;geait encore le sommeil de cet homme, accroupi pr&egrave;s du feu, la t&ecirc;te sur les genoux, contre des b&ecirc;tes f&eacute;roces dont il voyait les yeux danser dans la nuit.</p>\r\n<p>Ces visions disparaissaient &agrave; la voix brutale du m&eacute;tis, et Buck se levait et b&acirc;illait pour feindre d&rsquo;avoir dormi.</p>\r\n<p>Le convoi de la poste, travail &eacute;reintant pour les chiens, les avait mis en piteux &eacute;tat lorsqu&rsquo;ils arriv&egrave;rent &agrave; Dawson. Il leur aurait fallu l&agrave; un repos d&rsquo;une dizaine de jours ou d&rsquo;une semaine au moins. Mais deux jours plus tard, la caravane charg&eacute;e de lettres pour le dehors redescendait les pentes du Yukon.</p>\r\n<p>Les chiens &eacute;taient fatigu&eacute;s, les conducteurs grognons, et, pour comble de malchance, il neigeait tous les jours, ce qui rendait la voie plus difficile, les patins plus glissants, et imposait aux chiens une fatigue plus grande, malgr&eacute; les soins que leur prodiguaient les hommes. Chaque soir, les b&ecirc;tes &eacute;taient pans&eacute;es les premi&egrave;res, mangeaient avant les hommes, et aucun conducteur ne se couchait avant d&rsquo;avoir examin&eacute; et soign&eacute; les pattes de son attelage ; mais toutes ces pr&eacute;cautions n&rsquo;emp&ecirc;chaient pas leurs forces de diminuer. Depuis le commencement de l&rsquo;hiver, tirant de lourds tra&icirc;neaux, ils avaient fait plus de dix-huit cents miles, et ce travail forcen&eacute; aurait eu raison du plus vigoureux. Buck r&eacute;sistait malgr&eacute; sa fatigue, et t&acirc;chait de maintenir la discipline parmi ses camarades &eacute;puis&eacute;s ; Billee geignait et g&eacute;missait toute la nuit dans son sommeil ; Joe &eacute;tait plus grincheux que jamais, et Sol-leck devenait inabordable de l&rsquo;un ou de l&rsquo;autre c&ocirc;t&eacute;. Dave souffrait plus que les autres, &eacute;tant atteint d&rsquo;une maladie int&eacute;rieure qui le rendait morose et irritable. Lorsque le camp &eacute;tait &eacute;tabli, il se h&acirc;tait de creuser son nid dans la neige, et son conducteur devait lui apporter sa nourriture sur place. Une fois hors du harnais il ne bougeait que pour le reprendre le lendemain matin. La douleur lui arrachait des cris, si dans les traits il lui arrivait de recevoir un choc, par suite d&rsquo;un arr&ecirc;t brusque, ou de se donner un effort en d&eacute;marrant. Son ma&icirc;tre l&rsquo;examinait sans pouvoir trouver la cause du mal ; bient&ocirc;t tous les autres hommes s&rsquo;int&eacute;ress&egrave;rent &agrave; son &eacute;tat. Ils en parlaient aux repas, le discutaient en fumant les derni&egrave;res pipes de la veill&eacute;e, et enfin tinrent une consultation sur son cas. Dave fut apport&eacute; pr&egrave;s du feu, et on se mit &agrave; le palper et t&acirc;ter jusqu&rsquo;&agrave; lui arracher des cris per&ccedil;ants. On ne trouvait rien de cass&eacute;, mais il existait s&ucirc;rement un d&eacute;sordre interne impossible &agrave; d&eacute;couvrir. Quand on atteignit Cassiar-Bar, le malheureux chien &eacute;tait si faible qu&rsquo;il tomba plusieurs fois dans les traits. Le m&eacute;tis fit arr&ecirc;ter le convoi et d&eacute;tacha le malade de l&rsquo;attelage, pour mettre Sol-leck pr&egrave;s du tra&icirc;neau afin de laisser Dave se reposer en marchant dans la voie trac&eacute;e par les v&eacute;hicules. Mais celui-ci, malgr&eacute; sa faiblesse, furieux d&rsquo;&ecirc;tre &eacute;cart&eacute; de son poste, grondait pendant que l&rsquo;on d&eacute;tachait ses traits et se mit &agrave; hurler douloureusement en voyant Sol-leck &agrave; la place qu&rsquo;il avait occup&eacute;e si longtemps avec honneur. La passion du trait et de la route le tenait, et malade &agrave; la mort, il ne voulait pas qu&rsquo;un autre chien pr&icirc;t sa place.</p>\r\n<p>Quand le tra&icirc;neau d&eacute;marra, Dave s&rsquo;&eacute;lan&ccedil;a dans la neige qui bordait la piste, essayant de mordre Sol-leck, se jetant contre lui pour le faire rouler dans la neige et s&rsquo;effor&ccedil;ant de se glisser pr&egrave;s du tra&icirc;neau, pleurant de chagrin et de souffrance tout &agrave; la fois. Le m&eacute;tis tenta de le chasser avec son fouet, mais le chien restait insensible &agrave; la m&egrave;che, et l&rsquo;homme ne se sentait pas le c&oelig;ur de frapper fort. Dave refusa de marcher derri&egrave;re le tra&icirc;neau, dans un chemin facile, et persistant &agrave; courir sur les c&ocirc;t&eacute;s que la neige molle lui rendait plus p&eacute;nibles, acheva de s&rsquo;&eacute;puiser. Il tomba, et resta &agrave; la m&ecirc;me place, hurlant lugubrement, tandis que la longue file des v&eacute;hicules le d&eacute;passait.</p>\r\n<p>Par un dernier effort il r&eacute;ussit cependant &agrave; se relever, et &agrave; les suivre en chancelant jusqu&rsquo;&agrave; un arr&ecirc;t qui lui perm&icirc;t de revenir &agrave; son tra&icirc;neau, aux c&ocirc;t&eacute;s de Sol-leck. Le conducteur, s&rsquo;&eacute;tant arr&ecirc;t&eacute; pour emprunter du feu &agrave; un de ses camarades et allumer sa pipe, voulut &agrave; son tour faire repartir ses chiens. Ceux-ci d&eacute;marr&egrave;rent avec une remarquable facilit&eacute; et tourn&egrave;rent la t&ecirc;te, en s&rsquo;arr&ecirc;tant tout surpris. L&rsquo;homme le fut aussi : le tra&icirc;neau n&rsquo;avait pas boug&eacute;. Il appela alors les autres pour leur faire constater que Dave avait rong&eacute; les deux traits de Sol-leck et se tenait devant le tra&icirc;neau, &agrave; sa place habituelle ; ses yeux imploraient la permission d&rsquo;y rester. L&rsquo;&Eacute;cossais &eacute;tait embarrass&eacute; ; on r&eacute;p&eacute;tait autour de lui qu&rsquo;un chien pouvait tr&egrave;s bien succomber au chagrin de se voir refuser le travail qui l&rsquo;a &eacute;puis&eacute; ; chacun citait des exemples de chiens bless&eacute;s ou trop vieux pour tirer et r&eacute;duits au d&eacute;sespoir dans cette condition ; tous ajoutaient qu&rsquo;il &eacute;tait charitable, Dave &eacute;tant s&ucirc;rement pr&egrave;s de mourir, de lui donner la joie de finir ses jours sous le harnais.</p>\r\n<p>Il fut donc attel&eacute; de nouveau et s&rsquo;effor&ccedil;a, tout fier, de tirer comme avant, mais sa douleur int&eacute;rieure lui arrachait des cris involontaires ; il tomba plusieurs fois, et retenu par les traits, re&ccedil;ut le tra&icirc;neau sur le corps, ce qui le fit boiter. Mais il tint bon jusqu&rsquo;au camp o&ugrave; son conducteur lui fit une place &agrave; c&ocirc;t&eacute; du feu. Le lendemain matin, il &eacute;tait trop faible pour marcher. &Agrave; l&rsquo;heure de l&rsquo;attel&eacute;e il arriva par des efforts convulsifs &agrave; se remettre sur pied, chancela et tomba de nouveau, son arri&egrave;re-train &eacute;tant paralys&eacute; ; il tenta de rejoindre en rampant ses camarades qu&rsquo;on harnachait, et fit ainsi quelques m&egrave;tres. Puis ses forces l&rsquo;abandonn&egrave;rent tout &agrave; fait ; et quand ses compagnons le virent pour la derni&egrave;re fois, il &eacute;tait &eacute;tendu sur la neige, haletant et cherchant encore &agrave; les suivre puis, on l&rsquo;entendit hurler tristement quand les arbres de la berge les d&eacute;rob&egrave;rent &agrave; ses yeux.</p>\r\n<p>On arr&ecirc;ta alors le convoi. Le m&eacute;tis &eacute;cossais retourna lentement sur ses pas, jusqu&rsquo;au campement r&eacute;cemment quitt&eacute;. Les hommes cess&egrave;rent de parler. On entendit un coup de revolver. Le conducteur revint rapidement. Les fouets claqu&egrave;rent, les clochettes tint&egrave;rent gaiement, les tra&icirc;neaux battirent la neige : mais Buck et les autres chiens savaient ce qui s&rsquo;&eacute;tait pass&eacute; derri&egrave;re les arbres de la rivi&egrave;re.</p>', '2018-11-08 17:52:23', 1);
INSERT INTO `bl_posts` (`id`, `no`, `title`, `content`, `creation_date`, `published`) VALUES
(15, 2, 'La loi du bâton et de la dent', '<p>La premi&egrave;re journ&eacute;e de Buck sur la gr&egrave;ve de Dyea fut un v&eacute;ritable cauchemar. Toutes les heures lui apportaient une &eacute;motion ou une surprise. Brutalement arrach&eacute; &agrave; sa vie paresseuse et ensoleill&eacute;e, il se voyait sans transition rejet&eacute; du c&oelig;ur de la civilisation au centre m&ecirc;me de la barbarie. Ici, ni paix, ni repos, ni s&eacute;curit&eacute; ; tout &eacute;tait confusion, choc et p&eacute;ril, de l&agrave;, n&eacute;cessit&eacute; absolue d&rsquo;&ecirc;tre toujours en &eacute;veil, car les b&ecirc;tes et les hommes ne reconnaissaient que la loi du b&acirc;ton et de la dent. Des chiens innombrables couvraient cette terre nouvelle, et Buck n&rsquo;avait jamais rien vu de semblable aux batailles que se livraient ces animaux, pareils &agrave; des loups ; son premier contact avec eux lui resta &agrave; jamais dans la m&eacute;moire. L&rsquo;exp&eacute;rience ne lui fut pas personnelle, car elle n&rsquo;aurait pu lui profiter ; la victime fut Curly. Celle-ci, fid&egrave;le &agrave; son caract&egrave;re sociable, &eacute;tait all&eacute;e faire des avances &agrave; un chien sauvage de la taille d&rsquo;un grand loup, mais moiti&eacute; moins gros qu&rsquo;elle. La r&eacute;ponse ne se fit malheureusement pas attendre : un bond rapide comme l&rsquo;&eacute;clair, un claquement m&eacute;tallique des dents, un autre bond de c&ocirc;t&eacute; non moins agile et la face de Curly &eacute;tait ouverte de l&rsquo;&oelig;il &agrave; la m&acirc;choire.</p>\r\n<p>Le loup combat ainsi : il frappe et fuit ; mais l&rsquo;affaire n&rsquo;en resta pas l&agrave;. Trente ou quarante vagabonds accoururent et form&egrave;rent autour des combattants un cercle attentif et muet. Buck ne comprenait pas cette intensit&eacute; de silence et leur fa&ccedil;on de se l&eacute;cher les babines. Curly se rel&egrave;ve, se pr&eacute;cipite sur son adversaire qui de nouveau la mord et bondit plus loin. &Agrave; la troisi&egrave;me reprise, l&rsquo;animal arr&ecirc;ta l&rsquo;&eacute;lan de la chienne avec sa poitrine, de telle fa&ccedil;on qu&rsquo;elle perdit pied et ne put se relever. C&rsquo;&eacute;tait ce qu&rsquo;attendait l&rsquo;ennemi. Aussit&ocirc;t, la meute bondit sur la pauvre b&ecirc;te, et elle fut ensevelie avec des cris de d&eacute;tresse sous cette masse hurlante et sauvage. Ce fut si soudain et si inattendu que Buck en resta tout interdit. Il vit Spitz sortir sa langue rouge &ndash; c&rsquo;&eacute;tait sa fa&ccedil;on de rire &ndash; et Fran&ccedil;ois balan&ccedil;ant une hache, sauter au milieu des chiens. Trois hommes arm&eacute;s de b&acirc;tons l&rsquo;aid&egrave;rent &agrave; les disperser, ce qui ne fut pas long. Deux minutes apr&egrave;s la chute de Curly, le dernier de ses assaillants s&rsquo;enfuyait honteusement ; mais elle restait sans vie sur la neige pi&eacute;tin&eacute;e et sanglante, tandis que le m&eacute;tis hurlait de terribles impr&eacute;cations. Buck conserva longtemps le souvenir de cette terrible sc&egrave;ne.</p>\r\n<p>Avant d&rsquo;&ecirc;tre remis de la mort tragique de Curly, il eut &agrave; supporter une nouvelle &eacute;preuve. Fran&ccedil;ois lui mit sur le corps un attirail de courroies et de boucles ; c&rsquo;&eacute;tait un harnais, semblable &agrave; ceux qu&rsquo;il avait vu tant de fois mettre aux chevaux ; et, comme eux, il lui fallut tirer un tra&icirc;neau portant son ma&icirc;tre jusqu&rsquo;&agrave; la for&ecirc;t qui bordait la vall&eacute;e, pour en revenir avec une charge de bois. Mais quoique sa dignit&eacute; f&ucirc;t profond&eacute;ment bless&eacute;e de se voir ainsi transform&eacute; en b&ecirc;te de trait, il &eacute;tait devenu trop prudent pour se r&eacute;volter ; il se mit r&eacute;solument au travail et fit de son mieux, malgr&eacute; la nouveaut&eacute;, et l&rsquo;&eacute;tranget&eacute; de cet exercice. Fran&ccedil;ois &eacute;tait s&eacute;v&egrave;re, exigeant une ob&eacute;issance absolue que lui obtenait d&rsquo;ailleurs la puissance de son fouet. Tandis que Dave, limonier exp&eacute;riment&eacute;, plantait la dent, &agrave; chaque erreur, dans l&rsquo;arri&egrave;re-train de Buck, Spitz en t&ecirc;te, tr&egrave;s au courant de son affaire, ne pouvant atteindre le d&eacute;butant, lui grognait des reproches s&eacute;v&egrave;res, ou pesait adroitement de tout son poids dans les traits pour lui faire prendre la direction voulue. Buck apprit vite et fit en quelques heures de remarquables progr&egrave;s, gr&acirc;ce aux le&ccedil;ons combin&eacute;es de ses deux camarades et de Fran&ccedil;ois. Avant de revenir au camp, il en savait assez pour s&rsquo;arr&ecirc;ter &agrave; &laquo; Ho ! &raquo;, repartir &agrave; &laquo; Mush ! &raquo;, s&rsquo;&eacute;carter du tra&icirc;neau dans les tournants, et l&rsquo;&eacute;viter dans les descentes.</p>\r\n<p>&ndash; Ce sont trois tr&egrave;s bons chiens, dit Fran&ccedil;ois &agrave; Perrault. Ce Buck tire comme le diable ; il a appris en un rien de temps.</p>\r\n<p>Dans l&rsquo;apr&egrave;s-midi, Perrault, qui &eacute;tait press&eacute; de partir avec ses d&eacute;p&ecirc;ches, ramena deux nouveaux chiens r&eacute;sistants et vigoureux. Billee et Joe, tous deux fils de la m&ecirc;me m&egrave;re, diff&eacute;raient l&rsquo;un de l&rsquo;autre comme le jour et la nuit. Le seul d&eacute;faut de Billee &eacute;tait l&rsquo;exc&egrave;s de mansu&eacute;tude ; tandis que Joe, grincheux, peu sociable, l&rsquo;&oelig;il mauvais, et grognant toujours, &eacute;tait tout l&rsquo;oppos&eacute; de ce caract&egrave;re. Buck les re&ccedil;ut en bon camarade, Dave les ignora et Spitz se mit en devoir de les rosser tour &agrave; tour. Billee, pour l&rsquo;apaiser, remua la queue ; mais ses intentions pacifiques n&rsquo;eurent aucun succ&egrave;s, et il se mit &agrave; g&eacute;mir en sentant les dents pointues de Spitz labourer ses flancs. Quant &agrave; Joe, de quelque fa&ccedil;on que Spitz l&rsquo;attaqu&acirc;t, il le trouva toujours pr&ecirc;t &agrave; lui faire face. Les oreilles couch&eacute;es en arri&egrave;re, le poil h&eacute;riss&eacute;, la l&egrave;vre retrouss&eacute;e et fr&eacute;missante, la m&acirc;choire pr&ecirc;te &agrave; mordre, et dans l&rsquo;&oelig;il une lueur diabolique, c&rsquo;&eacute;tait une v&eacute;ritable incarnation de la peur belliqueuse. Son aspect &eacute;tait si redoutable que Spitz dut renoncer &agrave; le corriger, et, pour couvrir sa d&eacute;faite, il se retourna sur le pauvre et inoffensif Billee et le chassa jusqu&rsquo;aux confins du camp.</p>\r\n<p>Le soir venu, Perrault ramena encore un autre chien, un vieux husky{1}, long, maigre, d&eacute;charn&eacute;, couvert de glorieuses cicatrices r&eacute;colt&eacute;es en maint combat, et possesseur d&rsquo;un &oelig;il unique, mais cet &oelig;il brillait d&rsquo;une telle vaillance qu&rsquo;il inspirait aussit&ocirc;t le respect. Il s&rsquo;appelait Sol-leck, ce qui veut dire le Mal-Content. Semblable &agrave; Dave, il ne demandait rien, ne donnait rien, n&rsquo;attendait rien, et, quand il s&rsquo;avan&ccedil;a lentement et d&eacute;lib&eacute;r&eacute;ment au milieu des autres, Spitz lui-m&ecirc;me le laissa tranquille. On put bient&ocirc;t remarquer qu&rsquo;il ne tol&eacute;rait pas qu&rsquo;on l&rsquo;approch&acirc;t du c&ocirc;t&eacute; de son &oelig;il aveugle. Buck eut la malchance de faire cette d&eacute;couverte et de l&rsquo;expier rudement, car Sol-leck, d&rsquo;un coup de dent, lui fendit l&rsquo;&eacute;paule sur une longueur de trois centim&egrave;tres. Buck &eacute;vita avec soin &agrave; l&rsquo;avenir de r&eacute;p&eacute;ter l&rsquo;offense, et tous deux rest&egrave;rent bons camarades jusqu&rsquo;&agrave; la fin. Sol-leck semblait, comme Dave, n&rsquo;avoir d&rsquo;autre d&eacute;sir que la tranquillit&eacute;, et pourtant Buck d&eacute;couvrit plus tard que l&rsquo;un et l&rsquo;autre nourrissaient au fond du c&oelig;ur une passion ardente dont il sera parl&eacute; plus loin.</p>\r\n<p>Cette nuit-l&agrave;, Buck dut r&eacute;soudre le grand probl&egrave;me du sommeil. La tente, &eacute;clair&eacute;e par une chandelle, projetait une lueur chaude sur la plaine blanche : mais quand tout naturellement il y entra, Perrault et Fran&ccedil;ois le bombard&egrave;rent de jurons, et d&rsquo;ustensiles de cuisine qui le firent s&rsquo;enfuir, constern&eacute;, au froid du dehors. Il soufflait un vent terrible qui le gla&ccedil;ait et rendait la blessure de son &eacute;paule particuli&egrave;rement cuisante. Il se coucha sur la neige et tenta de dormir, mais le froid le contraignit bient&ocirc;t &agrave; se relever ; mis&eacute;rable et d&eacute;sol&eacute;, il errait au hasard, cherchant en vain un abri ou un peu de chaleur. De temps &agrave; autre, les chiens indig&egrave;nes tentaient de l&rsquo;attaquer, mais il grognait en h&eacute;rissant les poils de son cou (d&eacute;fense qu&rsquo;il avait vite apprise) et montrait un front si formidable que les maraudeurs se d&eacute;sistaient bient&ocirc;t, et il continuait sa route sans &ecirc;tre inqui&eacute;t&eacute;.</p>\r\n<p>Soudain, Buck eut l&rsquo;id&eacute;e de chercher comment ses compagnons de trait se tiraient de cette difficult&eacute;. &Agrave; sa grande surprise, tous avaient disparu ; il parcourut de nouveau tout le camp, puis revint &agrave; son point de d&eacute;part sans parvenir &agrave; les trouver. Convaincu qu&rsquo;ils ne pouvaient &ecirc;tre sous la tente, puisqu&rsquo;il en avait &eacute;t&eacute; chass&eacute; lui-m&ecirc;me, il en refit le tour, grelottant, la queue tombante et se sentant tr&egrave;s malheureux. Tout &agrave; coup la neige c&eacute;da sous ses pattes et il s&rsquo;enfon&ccedil;a dans un trou au fond duquel remuait quelque chose ; redoutant l&rsquo;invisible et l&rsquo;inconnu, il gronda et se h&eacute;rissa avec un bond en arri&egrave;re. Un petit g&eacute;missement amical lui ayant r&eacute;pondu, il revint poursuivre ses investigations, et, en m&ecirc;me temps qu&rsquo;un souffle d&rsquo;air chaud lui parvenait &agrave; la face, il d&eacute;couvrait Billee roul&eacute; en boule sous la neige. Celui-ci g&eacute;mit doucement, se mit sur le dos afin de prouver sa bonne volont&eacute; et ses intentions pacifiques, et alla m&ecirc;me, pour faire la paix, jusqu&rsquo;&agrave; passer sa langue chaude et mouill&eacute;e sur le museau de l&rsquo;intrus.</p>\r\n<p>Autre le&ccedil;on pour Buck, qui choisit imm&eacute;diatement un emplacement, et apr&egrave;s beaucoup d&rsquo;efforts inutiles parvint &agrave; se creuser un trou. En un instant la chaleur de son corps remplissait ce petit espace, et il trouvait enfin un repos bien gagn&eacute;.</p>\r\n<p>La journ&eacute;e avait &eacute;t&eacute; longue et p&eacute;nible, et son sommeil, quoique profond, fut entrem&ecirc;l&eacute; de luttes et de batailles livr&eacute;es &agrave; des ennemis chim&eacute;riques.</p>\r\n<p>Buck n&rsquo;ouvrit les yeux qu&rsquo;au bruit du r&eacute;veil du camp. Il ne comprit pas d&rsquo;abord en quel lieu il se trouvait. La neige de la nuit l&rsquo;avait compl&egrave;tement enseveli et ce mur glac&eacute; l&rsquo;enserrait de toutes parts. La peur le saisit, celle de la b&ecirc;te sauvage prise au pi&egrave;ge : indice du retour de sa personnalit&eacute; &agrave; celle de ses anc&ecirc;tres, car &eacute;tant un chien civilis&eacute;, trop civilis&eacute; peut-&ecirc;tre, il ignorait les pi&egrave;ges. Tous les muscles de son corps se contract&egrave;rent instinctivement ; les poils de sa t&ecirc;te et de ses &eacute;paules se h&eacute;riss&egrave;rent, et avec un hurlement f&eacute;roce, Buck apparut au grand jour, au milieu de la neige qui volait de toutes parts.</p>\r\n<p>Avant de retomber sur ses pattes, il avait vu le camp devant lui, et s&rsquo;&eacute;tait, rappel&eacute; dans un &eacute;clair tout ce qui s&rsquo;&eacute;tait pass&eacute;, depuis la promenade avec Mano&euml;l, jusqu&rsquo;au trou qu&rsquo;il s&rsquo;&eacute;tait creus&eacute; la nuit pr&eacute;c&eacute;dente. Une exclamation de Fran&ccedil;ois salua son apparition.</p>\r\n<p>&ndash; Qu&rsquo;est-ce que je disais ? criait-il &agrave; Perrault. Ce Buck est plus malin qu&rsquo;un singe ! Il apprend avec une rapidit&eacute; surprenante.</p>\r\n<p>Perrault hocha la t&ecirc;te d&rsquo;un air de grave approbation. Courrier du gouvernement canadien, et porteur d&rsquo;importantes d&eacute;p&ecirc;ches, il &eacute;tait d&eacute;sireux de s&rsquo;assurer les meilleures b&ecirc;tes, et l&rsquo;acquisition de Buck le satisfaisait pleinement.</p>\r\n<p>En moins d&rsquo;une heure, trois autres chiens furent ajout&eacute;s &agrave; l&rsquo;attelage, formant ainsi un total de neuf animaux ; et un quart d&rsquo;heure plus tard, tous &eacute;tant attel&eacute;s, filaient dans la direction de Dyea Cannon. Buck &eacute;tait content de partir et quoique la t&acirc;che f&ucirc;t dure, elle ne lui parut point m&eacute;prisable. Il fut frapp&eacute; de l&rsquo;ardeur qui animait tout l&rsquo;attelage et qui le saisit &agrave; son tour, mais plus encore du changement de Dave et de Sol-leck que le harnais transformait. Toute leur indiff&eacute;rence avait disparu ; alertes, actifs, d&eacute;sireux que l&rsquo;ouvrage se f&icirc;t bien, ils s&rsquo;irritaient de tout ce qui pouvait les retarder, du moindre d&eacute;sordre ou d&rsquo;une erreur quelconque.</p>\r\n<p>L&rsquo;expression de leur &ecirc;tre semblait se r&eacute;duire &agrave; bien tirer dans les traits, but supr&ecirc;me pour lequel ils vivaient et qui seul pouvait les satisfaire. Dave &eacute;tait limonier du tra&icirc;neau ; devant lui &eacute;taient Buck et le Mal-Content ; le reste venait en file indienne, derri&egrave;re le conducteur Spitz.</p>\r\n<p>Buck avait &eacute;t&eacute; plac&eacute; entre Dave et Sol-leck pour parachever son &eacute;ducation. Quelque bon &eacute;l&egrave;ve qu&rsquo;il se montr&acirc;t, il avait encore beaucoup &agrave; apprendre, et il acquit beaucoup de ses deux ma&icirc;tres qui ne le laissaient jamais longtemps dans l&rsquo;erreur, et appuyaient leurs le&ccedil;ons de leurs dents ac&eacute;r&eacute;es. Dave &eacute;tait juste et mod&eacute;r&eacute;. Il ne mordait jamais Buck sans cause, mais &agrave; la moindre faute, il ne manquait pas de le serrer ; et comme le fouet de Fran&ccedil;ois le secondait toujours, Buck trouva plus profitable de se corriger que de riposter. Pendant une courte halte, s&rsquo;&eacute;tant emp&ecirc;tr&eacute; dans les traits, et, par suite, ayant retard&eacute; le d&eacute;part de l&rsquo;attelage, il re&ccedil;ut une correction &agrave; la fois de Dave et de Sol-leck. Le d&eacute;sordre qui en r&eacute;sulta fut plus grand encore, mais d&eacute;sormais, Buck &eacute;vita soigneusement d&rsquo;emm&ecirc;ler les traits ; et, avant la fin du jour, il avait si bien compris son travail, que ses camarades cess&egrave;rent de le reprendre. Le fouet de Fran&ccedil;ois claqua moins souvent, et Perrault lui-m&ecirc;me fit &agrave; Buck, pendant la halte, l&rsquo;honneur de lui examiner soigneusement les pattes.</p>\r\n<p>Ce fut une rude journ&eacute;e de marche ; ils travers&egrave;rent le Cannon, Sheep-Camp, les Scales et la limite des bois, franchirent des glaciers et des amas de neige de plusieurs centaines de pieds de profondeur pass&egrave;rent enfin le Chilcoot-Divide qui s&eacute;pare l&rsquo;eau sal&eacute;e de l&rsquo;eau fra&icirc;che, et garde avec un soin jaloux le Nord triste et solitaire. La caravane descendit rapidement la cha&icirc;ne des lacs qui remplissent les crat&egrave;res de volcans &eacute;teints ; la soir&eacute;e &eacute;tait d&eacute;j&agrave; avanc&eacute;e, lorsqu&rsquo;elle s&rsquo;arr&ecirc;ta dans le vaste camp situ&eacute; &agrave; la t&ecirc;te du lac Bennette, o&ugrave; des milliers de chercheurs d&rsquo;or construisaient des bateaux en pr&eacute;vision de la fonte des glaces au printemps. Comme la veille, Buck ayant fait son trou dans la neige, s&rsquo;y endormit du sommeil du juste, pour en &ecirc;tre, le lendemain, d&eacute;terr&eacute; &agrave; la nuit noire, et reprendre le harnais avec ses compagnons.</p>\r\n<p>Ce jour-l&agrave;, ils firent quarante milles, car la voie &eacute;tait fray&eacute;e ; mais le lendemain, et bien des jours encore, ils durent, pour &eacute;tablir leur propre piste, travailler plus dur tout en avan&ccedil;ant plus lentement. En g&eacute;n&eacute;ral, Perrault pr&eacute;c&eacute;dait l&rsquo;attelage, tassant la neige avec ses patins pour lui faciliter la route. Fran&ccedil;ois maintenait la barre du tra&icirc;neau et changeait rarement de place avec son compagnon. Perrault &eacute;tait press&eacute; et se targuait de bien conna&icirc;tre la glace, science indispensable, car la couche nouvelle &eacute;tait peu &eacute;paisse et sur l&rsquo;eau courante il n&rsquo;y en avait pas du tout. Pendant de longs jours Buck tira dans les traits. On levait toujours le camp dans l&rsquo;obscurit&eacute;, et les premi&egrave;res lueurs de l&rsquo;aube retrouvaient les voyageurs en marche, ayant d&eacute;j&agrave; un certain nombre de milles &agrave; leur actif. D&rsquo;habitude aussi, on dressait le camp &agrave; la nuit noire, les chiens recevaient une ration de poisson et se couchaient dans la neige ; Buck aurait voulu avoir plus &agrave; manger ; la livre et demie de saumon s&eacute;ch&eacute; qui &eacute;tait sa pitance journali&egrave;re ne semblait pas lui suffire. Il n&rsquo;avait jamais assez, et souffrait sans cesse de la faim ; toutefois les autres chiens qui pesaient moins et &eacute;taient faits &agrave; cette vie, ne recevaient qu&rsquo;une seule livre de nourriture, et se maintenaient en bon &eacute;tat. Buck perdit vite sa d&eacute;licatesse de go&ucirc;t, fruit de son &eacute;ducation premi&egrave;re. Mangeur friand, il s&rsquo;aper&ccedil;ut que ceux de ses cong&eacute;n&egrave;res qui avaient fini les premiers lui volaient le reste de sa ration, sans qu&rsquo;il p&ucirc;t la d&eacute;fendre contre leurs entreprises, car tandis qu&rsquo;il &eacute;cartait les uns, les autres avaient vite fait de happer le morceau convoit&eacute;. Pour rem&eacute;dier &agrave; cet &eacute;tat de choses, il se mit &agrave; manger aussi vite qu&rsquo;eux, et la faim le poussant, il n&rsquo;h&eacute;sita pas &agrave; prendre comme eux le bien d&rsquo;autrui quand l&rsquo;occasion se pr&eacute;senta.</p>\r\n<p>Ayant vu Pike, un des nouveaux chiens, voleur habile, faire dispara&icirc;tre une tranche de jambon derri&egrave;re le dos de Perrault, il r&eacute;p&eacute;ta l&rsquo;op&eacute;ration et la perfectionna d&egrave;s le lendemain, emportant le morceau tout entier. Il s&rsquo;ensuivit un grand tumulte, mais le coupable &eacute;chappa aux soup&ccedil;ons, tandis que Dub, maladroit &eacute;tourdi qui se faisait toujours pincer, fut puni pour la faute que Buck avait commise.</p>\r\n<p>L&rsquo;ensemble de qualit&eacute;s ou de d&eacute;fauts que d&eacute;ploya notre h&eacute;ros en ce premier acte de banditisme semblait d&eacute;montrer qu&rsquo;il triompherait de tous les obstacles de sa vie nouvelle ; il marquait la disparition de sa moralit&eacute;, chose inutile et nuisible dans cette lutte pour l&rsquo;existence ; d&rsquo;ailleurs Buck ne volait pas par go&ucirc;t, mais seulement par besoin, en secret et adroitement, par crainte du b&acirc;ton ou de la dent.</p>\r\n<p>Son d&eacute;veloppement physique fut complet et rapide, ses muscles prirent la duret&eacute; du fer, il devint insensible &agrave; la douleur ; son &eacute;conomie interne et externe se modifia. Il pouvait manger sans inconv&eacute;nient les choses les plus r&eacute;pugnantes et les plus indigestes. Chez lui, la vue et l&rsquo;odorat devinrent extr&ecirc;mement subtils, et l&rsquo;ou&iuml;e acquit une telle finesse que, dans son sommeil, il percevait le moindre bruit et savait en reconna&icirc;tre la nature pacifique ou dangereuse. Il apprit &agrave; arracher la glace avec ses dents quand elle s&rsquo;attachait &agrave; ses pattes ; et quand il avait soif et qu&rsquo;une cro&ucirc;te &eacute;paisse le s&eacute;parait de l&rsquo;eau, il savait se dresser pour la casser en retombant avec ses pattes de devant. Sa facult&eacute; ma&icirc;tresse &eacute;tait de sentir le vent, et de le pr&eacute;voir une nuit &agrave; l&rsquo;avance. Quelle que f&ucirc;t la tranquillit&eacute; de l&rsquo;air, le soir, quand il creusait son nid pr&egrave;s d&rsquo;un arbre ou d&rsquo;un talus, le vent qui survenait ensuite le trouvait chaudement abrit&eacute;, le dos &agrave; la bise.</p>\r\n<p>L&rsquo;exp&eacute;rience ne fut pas son seul ma&icirc;tre, car des instincts endormis se r&eacute;veill&egrave;rent en lui tandis que les g&eacute;n&eacute;rations domestiqu&eacute;es disparaissaient peu &agrave; peu.</p>\r\n<p>Il apprit sans peine &agrave; se battre comme les loups, que ses a&iuml;eux oubli&eacute;s avaient combattus jadis. Dans les nuits froides et calmes, quand, levant le nez vers les &eacute;toiles, il hurlait longuement, c&rsquo;&eacute;taient ses anc&ecirc;tres, aujourd&rsquo;hui cendre et poussi&egrave;re, qui &agrave; travers les si&egrave;cles hurlaient en sa personne. Siennes &eacute;taient devenues les cadences de leur m&eacute;lop&eacute;e monotone, ce chant qui signifiait le calme, le froid, l&rsquo;obscurit&eacute; !</p>\r\n<p>C&rsquo;est ainsi que la vie isol&eacute;e de l&rsquo;individu &eacute;tant peu de chose, en somme, et les modifications de l&rsquo;esp&egrave;ce laissant intacte la continuit&eacute; de la race, avec ses traits essentiels, ses racines profondes et ses instincts primordiaux, l&rsquo;antique chanson surgit soudain en cette &acirc;me canine et le pass&eacute; renaquit en lui.</p>\r\n<p>Et cela parce que des hommes avaient d&eacute;couvert dans une r&eacute;gion septentrionale certain m&eacute;tal jaune qu&rsquo;ils prisent fort, et parce que Mano&euml;l, aide-jardinier, recevait un salaire qui n&rsquo;&eacute;tait pas &agrave; la hauteur de ses besoins.</p>\r\n<p>Dans les dures conditions de sa nouvelle existence, si des instincts anciens et oubli&eacute;s reparaissaient chez Buck, ils croissaient en secret ; car son astuce nouvelle savait les &eacute;quilibrer et les restreindre. Trop neuf encore &agrave; cette vie si diff&eacute;rente de l&rsquo;ancienne pour s&rsquo;y trouver &agrave; l&rsquo;aise, il &eacute;vitait les querelles ; aucune impatience ne trahissait donc la haine mortelle qu&rsquo;il avait vou&eacute;e &agrave; Spitz, et il se gardait soigneusement de prendre l&rsquo;offensive avec lui.</p>\r\n<p>D&rsquo;un autre c&ocirc;t&eacute; et peut-&ecirc;tre par cela m&ecirc;me qu&rsquo;il devinait en Buck un rival dangereux, Spitz ne perdait pas une occasion de lui montrer les dents. Il l&rsquo;attaquait m&ecirc;me sans raison, esp&eacute;rant ainsi faire na&icirc;tre la lutte qui se terminerait par la disparition de l&rsquo;un d&rsquo;eux. Presque au d&eacute;but du voyage, entre les deux chiens faillit se produire un conflit mortel, que seul vint pr&eacute;venir une complication inattendue. &Agrave; la fin d&rsquo;une journ&eacute;e de marche, le campement avait &eacute;t&eacute; &eacute;tabli sur les bords du lac Le Barge. L&rsquo;obscurit&eacute;, la neige qui tombait, et le vent coupant comme une lame de rasoir avaient forc&eacute; les voyageurs &agrave; chercher en h&acirc;te et &agrave; t&acirc;tons leur refuge pour la nuit. L&rsquo;endroit &eacute;tait fort mal choisi ; derri&egrave;re eux s&rsquo;&eacute;levait un mur de rochers abrupts, et les hommes se virent oblig&eacute;s de faire du feu et d&rsquo;&eacute;tendre leurs sacs fourr&eacute;s sur la surface m&ecirc;me du lac ; ils avaient abandonn&eacute; leur tente &agrave; Dyea pour all&eacute;ger le paquetage. Quelques morceaux de bois de d&eacute;rive leur fournirent un feu qui fit fondre la glace en s&rsquo;y enfon&ccedil;ant et ils durent manger leur soupe dans l&rsquo;obscurit&eacute;.</p>\r\n<p>Buck avait organis&eacute; son lit au pied des rochers ; il y faisait si chaud qu&rsquo;il eut peine &agrave; le quitter quand Fran&ccedil;ois vint distribuer le poisson, d&eacute;gel&eacute; au pr&eacute;alable devant le feu. Or, lorsque, ayant mang&eacute;, il revint &agrave; son nid, il le trouva occup&eacute;. Un grognement l&rsquo;avertit que l&rsquo;offenseur &eacute;tait Spitz. Buck avait &eacute;vit&eacute; jusqu&rsquo;ici une querelle avec son ennemi, mais cette fois c&rsquo;&eacute;tait trop. La b&ecirc;te f&eacute;roce qui dormait en lui se d&eacute;cha&icirc;na ; il sauta sur Spitz avec une furie qui surprit celui-ci, habitu&eacute; &agrave; consid&eacute;rer Buck comme un chien tr&egrave;s timide, dont la supr&eacute;matie n&rsquo;&eacute;tait due qu&rsquo;&agrave; sa forte taille et &agrave; son gros poids.</p>\r\n<p>Fran&ccedil;ois fut surpris, lui aussi, en les voyant tous deux bondir du trou, mais il devina le sujet de la dispute.</p>\r\n<p>&ndash; Ah ! cria-t-il &agrave; Buck, vas-y mon vieux, et flanque une ross&eacute;e &agrave; ce sale voleur !</p>\r\n<p>Spitz &eacute;tait pr&ecirc;t &agrave; se battre. Hurlant de rage et d&rsquo;ardeur, il tournait autour de Buck, guettant le moment favorable pour sauter sur lui. Buck, non moins ardent, mais plein de prudence, cherchait aussi &agrave; prendre l&rsquo;offensive ; mais &agrave; ce moment, survint l&rsquo;incident qui remit &agrave; un avenir &eacute;loign&eacute; la solution de la querelle.</p>\r\n<p>Un juron de Perrault, un coup de massue sur une &eacute;chine osseuse et un cri de douleur d&eacute;termin&egrave;rent tout &agrave; coup une &eacute;pouvantable cacophonie.</p>\r\n<p>Le camp &eacute;tait rempli de chiens indig&egrave;nes affam&eacute;s, au nombre d&rsquo;une soixantaine, venus sans doute d&rsquo;un village indien et attir&eacute;s par les provisions des voyageurs. Ils s&rsquo;&eacute;taient gliss&eacute;s inaper&ccedil;us pendant la bataille de Buck et de Spitz et quand les deux hommes avec leurs massues s&rsquo;&eacute;lanc&egrave;rent au milieu des envahisseurs, ceux-ci montr&egrave;rent les dents et leur r&eacute;sist&egrave;rent. L&rsquo;odeur des aliments les avait affol&eacute;s. Perrault, en ayant trouv&eacute; un la t&ecirc;te enfouie dans une caisse de vivres, fit tomber lourdement son gourdin sur les c&ocirc;tes saillantes, et la caisse fut renvers&eacute;e &agrave; terre. &Agrave; l&rsquo;instant m&ecirc;me, sans crainte du b&acirc;ton, une vingtaine de cr&eacute;atures fam&eacute;liques se ruaient sur le pain et le jambon, hurlant et criant sous les coups, mais ne s&rsquo;en disputant pas moins avidement les derni&egrave;res miettes de nourriture. Pendant ce temps, les chiens d&rsquo;attelage, &eacute;tonn&eacute;s, avaient saut&eacute; hors de leurs trous et une lutte terrible s&rsquo;engageait entre eux et les maraudeurs. De sa vie, Buck n&rsquo;avait rien vu de pareil &agrave; ces squelettes recouverts de cuir, &agrave; l&rsquo;&oelig;il &eacute;tincelant, &agrave; la l&egrave;vre baveuse ; la faim les rendait terribles et indomptables.</p>\r\n<p>Au premier assaut, les chiens de trait se virent repouss&eacute;s au pied des rochers. Buck fut attaqu&eacute; par trois d&rsquo;entre eux, et, en un clin d&rsquo;&oelig;il, sa t&ecirc;te et ses &eacute;paules &eacute;taient ouvertes et saignantes. Le bruit &eacute;tait effroyable. Billee g&eacute;missait comme &agrave; son ordinaire, Dave et Sol-leck, perdant leur sang par plusieurs blessures, combattaient courageusement c&ocirc;te &agrave; c&ocirc;te ; Joe mordait comme un diable ; une fois, ses m&acirc;choires se referm&egrave;rent sur la jambe d&rsquo;un des maraudeurs et l&rsquo;on entendit craquer l&rsquo;os. Pike, le geignard, sauta sur un animal estropi&eacute; et lui cassa les reins d&rsquo;un coup de dent. Buck saisit par la gorge un adversaire &eacute;cumant, lui planta les dents dans la jugulaire, et le go&ucirc;t du sang dont il fut inond&eacute; surexcitant sa vaillance, il se jeta sur un autre ennemi avec une fureur redoubl&eacute;e ; mais au m&ecirc;me moment il sentit des crocs aigus s&rsquo;enfoncer dans sa gorge : c&rsquo;&eacute;tait Spitz qui l&rsquo;attaquait tra&icirc;treusement de c&ocirc;t&eacute;.</p>\r\n<p>Perrault et Fran&ccedil;ois, ayant r&eacute;ussi &agrave; d&eacute;barrasser le camp, se pr&eacute;cipit&egrave;rent &agrave; son secours, et Buck parvint &agrave; se d&eacute;livrer. Mais les deux hommes furent rappel&eacute;s du c&ocirc;t&eacute; des caisses de conserves, menac&eacute;es de nouveau ; et cette fois, les envahisseurs, r&eacute;duits en nombre, mais d&eacute;sesp&eacute;r&eacute;s, montraient un front si f&eacute;roce que Billee, puisant du courage dans l&rsquo;exc&egrave;s m&ecirc;me de sa terreur, s&rsquo;&eacute;lan&ccedil;a hors du cercle mena&ccedil;ant, et s&rsquo;enfuit sur la glace au risque de l&rsquo;effondrer ; Pike et Dub le suivirent de pr&egrave;s, ainsi que le reste de l&rsquo;attelage. Au moment o&ugrave; Buck prenait son &eacute;lan pour les rejoindre, il vit du coin de l&rsquo;&oelig;il Spitz se pr&eacute;parant &agrave; sauter sur lui pour le terrasser. Une fois par terre, au milieu de cette masse de fuyards, c&rsquo;en &eacute;tait fait de lui : mais il put r&eacute;sister au choc de Spitz, et rejoindre ses camarades sur le lac.</p>\r\n<p>Les neufs chiens d&rsquo;attelage, n&rsquo;&eacute;tant plus poursuivis, se r&eacute;unirent et cherch&egrave;rent un abri dans la for&ecirc;t. Ils offraient un piteux aspect, chacun avait cinq ou six blessures, dont quelques-unes &eacute;taient profondes. Dub &eacute;tait gri&egrave;vement bless&eacute; &agrave; une jambe de derri&egrave;re ; Dolly, le dernier chien achet&eacute; &agrave; Dyea, avait une large plaie au cou ; Joe avait perdu un &oelig;il, et le doux Billee, ayant une oreille d&eacute;chiquet&eacute;e et mang&eacute;e, ne cessa de g&eacute;mir et de geindre tout le reste de la nuit. &Agrave; l&rsquo;aube, chacun regagna p&eacute;niblement le camp, pour trouver les maraudeurs en fuite et les deux hommes de fort mauvaise humeur, car la moiti&eacute; de leurs provisions avaient disparu. Rien de ce qui pouvait se manger n&rsquo;avait &eacute;chapp&eacute; aux indig&egrave;nes.</p>\r\n<p>Ils avaient d&eacute;vor&eacute; les courroies du tra&icirc;neau et des b&acirc;ches, aval&eacute; une paire de mocassins en cuir de buffle appartenant &agrave; Perrault, des fragments de harnais de cuir, et plus de soixante centim&egrave;tres de la m&egrave;che du fouet de Fran&ccedil;ois. Celui-ci contemplait tous ces d&eacute;g&acirc;ts avec tristesse, lorsque arriv&egrave;rent ses chiens bless&eacute;s.</p>\r\n<p>&ndash; Ah ! mes amis, fit-il avec tristesse, peut-&ecirc;tre allez-vous devenir tous enrag&eacute;s avec ces morsures&hellip; Qu&rsquo;en pensez-vous, Perrault ?</p>\r\n<p>Le courrier hocha la t&ecirc;te, soucieux. Quatre cents miles le s&eacute;paraient de Dawson, et l&rsquo;hypoth&egrave;se de Fran&ccedil;ois le faisait fr&eacute;mir. Deux heures de jurons et d&rsquo;efforts remirent les choses en place, et l&rsquo;attelage raidi par ses blessures repartit pour affronter la course la plus dure qu&rsquo;il devait fournir jusqu&rsquo;&agrave; Dawson. La rivi&egrave;re de Thirty-Mile, d&eacute;fiant la gel&eacute;e, roulait librement ses eaux agit&eacute;es, et la glace ne portait que dans les petites baies et les endroits tranquilles. Il fallut six jours d&rsquo;un travail opini&acirc;tre et d&rsquo;un p&eacute;ril constant pour couvrir ces terribles trente miles. Une demi-douzaine de fois, Perrault, qui marchait en &eacute;claireur, sentit la glace c&eacute;der sous son poids, et ne fut sauv&eacute; que par le long b&acirc;ton qu&rsquo;il portait de fa&ccedil;on &agrave; le placer en travers du trou fait dans la glace par son corps. Le froid &eacute;tait terrible, le thermom&egrave;tre marquait 50 degr&eacute;s au-dessous de z&eacute;ro, et Perrault devait, apr&egrave;s chaque bain involontaire, allumer du feu et s&eacute;cher ses v&ecirc;tements.</p>\r\n<p>Mais rien ne l&rsquo;arr&ecirc;tait, et il justifiait bien le choix fait de lui comme courrier du gouvernement. Avec sa petite figure ratatin&eacute;e et vieillotte, on le voyait toujours au poste le plus dangereux, s&rsquo;aventurant r&eacute;solument sur les berges o&ugrave; la glace craquait parfois &agrave; faire fr&eacute;mir, toujours ma&icirc;tre de soi, inlassable et incapable de d&eacute;couragement. Une fois, le tra&icirc;neau s&rsquo;enfon&ccedil;a : Dave et Buck, &eacute;taient gel&eacute;s et presque noy&eacute;s lorsqu&rsquo;on r&eacute;ussit &agrave; les sortir de l&rsquo;eau. Il fallut, pour les sauver, allumer le feu habituel ; une carapace de glace les recouvrait, et les deux hommes, pour les d&eacute;geler et les r&eacute;chauffer, durent les faire courir si pr&egrave;s du feu que leurs poils en furent roussis.</p>\r\n<p>Une autre fois, Spitz s&rsquo;enfon&ccedil;a, suivi d&rsquo;une partie de l&rsquo;attelage, jusqu&rsquo;&agrave; Buck, qui se rejetant de toute sa force en arri&egrave;re, crispait ses pattes sur le rebord glissant, tandis que la glace tremblait. Derri&egrave;re lui &eacute;tait Dave, faisant aussi des efforts pour retenir le tra&icirc;neau que Fran&ccedil;ois tirait &agrave; se faire craquer les tendons. Un jour enfin, la glace du bord se rompit tout &agrave; fait, et leur seule chance de salut fut d&rsquo;escalader la muraille de rochers. Perrault y r&eacute;ussit par un miracle que Fran&ccedil;ois implorait du ciel ; puis on r&eacute;unit les lani&egrave;res, les courroies du tra&icirc;neau, et jusqu&rsquo;au dernier morceau de harnais pour faire une longue corde, qui servit &agrave; hisser les chiens un &agrave; un au sommet de la falaise. Fran&ccedil;ois vint le dernier apr&egrave;s le tra&icirc;neau et son chargement. Il fallut ensuite trouver un autre endroit propice &agrave; la descente qui fut op&eacute;r&eacute;e aussi &agrave; l&rsquo;aide de la corde, et la nuit retrouva, sur le bord de la rivi&egrave;re, les malheureux &agrave; un quart de mile de leur point de d&eacute;part. Parvenus &agrave; Hootalinqua et &agrave; la glace r&eacute;sistante, Buck &eacute;tait an&eacute;anti, et les autres ne valaient gu&egrave;re mieux ; mais l&rsquo;inflexible Perrault exigea, pour r&eacute;parer le temps perdu, un effort de plus de son attelage. Il fallut partir t&ocirc;t et s&rsquo;arr&ecirc;ter tard. Ils firent, le premier jour, trente-cinq miles jusqu&rsquo;au Big-Salmon, et le deuxi&egrave;me, trente miles, ce qui les amena tout pr&egrave;s de Five-Fingers.</p>\r\n<p>Les pattes de Buck n&rsquo;&eacute;taient pas aussi endurcies et r&eacute;sistantes que celles des autres chiens ; elles s&rsquo;&eacute;taient amollies par l&rsquo;effet des si&egrave;cles de civilisation qui pesaient sur lui, et toute la journ&eacute;e le chien boitillait en souffrant horriblement. Le camp une fois dress&eacute;, il se laissait tomber comme mort, sans pouvoir m&ecirc;me, malgr&eacute; sa faim, venir chercher sa ration que Fran&ccedil;ois &eacute;tait oblig&eacute; de lui apporter. Celui-ci, touch&eacute; de piti&eacute;, avait pris l&rsquo;habitude de lui frictionner les pattes tous les jours pendant une demi-heure apr&egrave;s son souper, et il finit par sacrifier une paire de mocassins pour faire quatre chaussures &agrave; l&rsquo;usage de Buck. Ce lui fut un grand soulagement ; et la figure renfrogn&eacute;e de Perrault se d&eacute;rida un jour en voyant Buck, dont Fran&ccedil;ois avait oubli&eacute; les mocassins, se coucher sur le dos et agiter d&eacute;sesp&eacute;r&eacute;ment ses quatre pattes en l&rsquo;air sans vouloir bouger. &Agrave; la longue, elles s&rsquo;endurcirent &agrave; la route, et les chaussures us&eacute;es furent abandonn&eacute;es.</p>\r\n<p>&Agrave; Pelly, au moment d&rsquo;atteler, un matin Dolly, jusque-l&agrave; tr&egrave;s calme, donna tout &agrave; coup des signes de rage. Elle annon&ccedil;a son &eacute;tat par un long hurlement si plein de d&eacute;sespoir et d&rsquo;angoisse, que chaque chien s&rsquo;en h&eacute;rissait d&rsquo;effroi ; puis elle bondit sur Buck. Celui-ci n&rsquo;avait jamais vu de cas de rage ; toutefois il sembla deviner la hideuse maladie, et s&rsquo;enfuit pouss&eacute; par une panique effroyable. Il filait bon train, la chienne &eacute;cumante le suivant de tout pr&egrave;s, car il n&rsquo;arrivait pas &agrave; la distancer, malgr&eacute; la terreur qui lui donnait des ailes. Il se fraya un passage &agrave; travers les bois, jusqu&rsquo;&agrave; l&rsquo;autre extr&eacute;mit&eacute; de l&rsquo;&icirc;le, traversa un chenal plein de glace pour atterrir dans une autre &icirc;le, puis dans une troisi&egrave;me, fit un retour vers le fleuve principal et, en d&eacute;sespoir de cause, allait le traverser, car sans la voir, il entendait la b&ecirc;te gronder derri&egrave;re lui. Fran&ccedil;ois le rappela de tr&egrave;s loin, et il revint sur ses pas, haletant, suffoquant, mais plein de confiance dans son ma&icirc;tre. Celui-ci tenait &agrave; la main une hache, et lorsque Buck passa devant lui comme un &eacute;clair, il vit l&rsquo;outil s&rsquo;enfoncer dans le cr&acirc;ne de la b&ecirc;te enrag&eacute;e. Chancelant, il s&rsquo;arr&ecirc;ta pr&egrave;s du tra&icirc;neau, &agrave; bout de souffle et sans forces. Ce fut le moment choisi par Spitz pour sauter sur lui, deux fois, ses dents s&rsquo;enfonc&egrave;rent dans la chair de l&rsquo;ennemi sans d&eacute;fense, la d&eacute;chirant jusqu&rsquo;&agrave; l&rsquo;os. Mais le fouet de Fran&ccedil;ois s&rsquo;abattit sur le tra&icirc;tre, et Buck eut la satisfaction de lui voir subir une correction des plus s&eacute;v&egrave;res.</p>\r\n<p>&ndash; Ce Spitz est un diable incarn&eacute;, fit Perrault ; il finira par nous tuer Buck, si l&rsquo;on n&rsquo;y veille.</p>\r\n<p>&ndash; Buck vaut deux diables &agrave; lui seul, r&eacute;pondit Fran&ccedil;ois ; quelque beau jour, vous pouvez m&rsquo;en croire, il avalera Spitz tout entier pour le recracher sur la neige.</p>\r\n<p>&Agrave; partir de ce moment, en effet, ce fut la guerre ouverte entre les deux chiens. Spitz, comme chef de file, ma&icirc;tre reconnu de l&rsquo;attelage, sentait sa supr&eacute;matie diminuer devant cet animal si peu semblable aux nombreux chiens du Sud qu&rsquo;il avait connus. Bien diff&eacute;rent de ces animaux d&eacute;licats et fragiles, Buck supportait les privations sans en souffrir ; il rivalisait de f&eacute;rocit&eacute; et d&rsquo;astuce avec le chien du pays. Plein de finesse sous sa forte charpente, il savait attendre son heure avec une patience digne des temps primitifs.</p>\r\n<p>Buck d&eacute;sirait un conflit au sujet de la direction supr&ecirc;me, car il &eacute;tait dans sa nature de vouloir dominer ; de plus, il avait &eacute;t&eacute; saisi de cette passion incompr&eacute;hensible du trait, qui fait tirer les chiens jusqu&rsquo;&agrave; leur dernier souffle, les pousse &agrave; mourir joyeusement sous le harnais et leur fend le c&oelig;ur s&rsquo;ils en sont &eacute;loign&eacute;s. C&rsquo;&eacute;tait la passion de Dave comme limonier ; de Sol-leck tirant de toute sa force ; passion qui les saisissait le matin au lever du camp, et les transformait, de brutes moroses et maussades, en cr&eacute;atures ardentes, alertes et g&eacute;n&eacute;reuses. C&rsquo;&eacute;tait cette m&ecirc;me passion qui poussait Spitz &agrave; corriger s&eacute;v&egrave;rement toute faute dans le service, &agrave; dresser en conscience les nouvelles recrues, mais qui lui faisait en m&ecirc;me temps pressentir et combattre toute sup&eacute;riorit&eacute; capable de lui susciter un rival.</p>\r\n<p>Buck en vint &agrave; menacer effront&eacute;ment l&rsquo;autorit&eacute; de Spitz, s&rsquo;interposant entre lui et ceux qu&rsquo;il voulait punir. Une nuit, il y eut une &eacute;paisse tomb&eacute;e de neige et le matin venu, Pike le geignard n&rsquo;apparut pas ; il restait blotti dans son trou sous un blanc matelas. Fran&ccedil;ois l&rsquo;appela et le chercha en vain. Spitz &eacute;tait fou de rage. Il arpentait le camp, reniflant et grattant partout, et grognant si furieusement que le coupable en tremblait d&rsquo;effroi dans sa cachette.</p>\r\n<p>Quand il fut enfin d&eacute;terr&eacute; et que Spitz, exasp&eacute;r&eacute;, sautait sur lui pour le corriger, Buck, &eacute;galement furieux, s&rsquo;&eacute;lan&ccedil;a entre les deux. Ce fut si inattendu et si habilement accompli que Spitz, &eacute;tonn&eacute;, retomba en arri&egrave;re. Pike, jusque-l&agrave; tremblant de peur, rassembla son courage, fondit sur son chef renvers&eacute;, et Buck, oublieux de toute loyaut&eacute;, s&rsquo;&eacute;lan&ccedil;ait lui aussi, pour l&rsquo;achever. Mais Fran&ccedil;ois d&eacute;fenseur de la justice, intervint avec son fouet. Il lui fallut d&rsquo;ailleurs employer le manche pour r&eacute;ussir &agrave; faire l&acirc;cher &agrave; Buck son rival terrass&eacute;. Le r&eacute;volt&eacute;, &eacute;tourdi par le coup, abandonna son ennemi et fut corrig&eacute; sans merci, tandis que Spitz, de son c&ocirc;t&eacute;, punissait vigoureusement Pike le geignard.</p>\r\n<p>Pendant les jours qui suivirent, et qui les rapprochaient de Dawson, Buck continua &agrave; s&rsquo;interposer entre Spitz et les coupables ; mais, toujours rus&eacute;, il le faisait hors de la vue de Fran&ccedil;ois. Cette secr&egrave;te mutinerie encourageait l&rsquo;insubordination g&eacute;n&eacute;rale, &agrave; laquelle Dave et Sol-leck seuls &eacute;chappaient ; ce n&rsquo;&eacute;tait que querelles, luttes incessantes ; et Fran&ccedil;ois, toujours inquiet de ce terrible duel, qu&rsquo;il savait bien devoir se produire t&ocirc;t ou tard, dut plus d&rsquo;une nuit, au bruit des batailles, quitter ses couvertures de fourrure, pour intervenir entre les combattants. L&rsquo;occasion favorable ne se pr&eacute;senta pas, et ceux-ci arriv&egrave;rent &agrave; Dawson sans avoir vid&eacute; leur diff&eacute;rend. Ils y trouv&egrave;rent beaucoup d&rsquo;hommes et d&rsquo;innombrables chiens, qui, selon l&rsquo;habitude, travaillaient sans rel&acirc;che. Tout le long du jour, les attelages infatigables sillonnaient la rue principale, et la nuit, leurs clochettes tintaient encore. Ils tiraient des chargements de bois de construction ou de bois &agrave; br&ucirc;ler, rapportaient les produits des mines, faisaient, en un mot, tous les travaux ex&eacute;cut&eacute;s par des chevaux dans la vall&eacute;e de Santa-Clara. Buck, de temps &agrave; autre, rencontrait des chiens du Sud, mais en g&eacute;n&eacute;ral c&rsquo;&eacute;taient des m&eacute;tis de loups et de chiens du pays. Chaque nuit, &agrave; neuf heures, &agrave; minuit, &agrave; trois heures du matin, ils faisaient entendre un chant nocturne, &eacute;trange et fantastique, auquel Buck &eacute;tait heureux de se joindre. Quand l&rsquo;aurore bor&eacute;ale brillait froide et calme au firmament, que les &eacute;toiles scintillaient avec la gel&eacute;e, et que la terre demeurait engourdie et glac&eacute;e sous son linceul de neige, ce chant morne, lugubre et modul&eacute; sur le ton mineur, avait quelque chose de puissamment suggestif, &eacute;vocateur d&rsquo;images et de rumeurs antiques. C&rsquo;&eacute;tait la plainte imm&eacute;moriale de la vie m&ecirc;me, avec ses terreurs et ses myst&egrave;res, son &eacute;ternel labeur d&rsquo;enfantement et sa perp&eacute;tuelle angoisse de mort ; lamentation vieille comme le monde, g&eacute;missement de la terre &agrave; son berceau ; et Buck, en s&rsquo;associant &agrave; cette plainte, en m&ecirc;lant fraternellement sa voix aux sanglots de ces demi-fauves, Buck franchissait d&rsquo;un bond le gouffre des si&egrave;cles, revenait &agrave; ses a&iuml;eux, touchait &agrave; l&rsquo;origine m&ecirc;me des choses.</p>\r\n<p>Sept jours apr&egrave;s son entr&eacute;e &agrave; Dawson, la caravane descendait les pentes abruptes des Barraks, sur les bords du Yukon, et repartait pour Dyea et Salt-Water. Perrault emportait des d&eacute;p&ecirc;ches plus importantes encore que les premi&egrave;res ; la passion de la route l&rsquo;avait saisi &agrave; son tour, et il voulait cette ann&eacute;e-l&agrave; battre le record des voyages. Plusieurs circonstances lui &eacute;taient favorables : le bagage &eacute;tait l&eacute;ger, la semaine de repos avait remis les chiens en &eacute;tat, la voie trac&eacute;e &eacute;tait battue par de nombreux voyageurs et, de plus, la police avait &eacute;tabli deux ou trois d&eacute;p&ocirc;ts de provisions pour les hommes et les chiens. Ils firent dans leur premi&egrave;re &eacute;tape Sixty-Mile, ce qui est une course de soixante miles, et le second jour franchirent le Yukon dans la direction de Pelly. Mais cette course rapide ne s&rsquo;accomplit pas sans beaucoup de tracas et d&rsquo;ennuis pour Fran&ccedil;ois. La r&eacute;volte insidieusement foment&eacute;e par Buck avait d&eacute;truit l&rsquo;esprit de solidarit&eacute; dans l&rsquo;attelage, qui ne marchait plus comme un seul chien.</p>\r\n<p>L&rsquo;encouragement sourdement donn&eacute; aux rebelles les poussait &agrave; toutes sortes de m&eacute;faits. Spitz n&rsquo;&eacute;tait plus un chef &agrave; redouter ; il n&rsquo;inspirait plus le respect, et son autorit&eacute; &eacute;tait discut&eacute;e.</p>\r\n<p>Pike lui vola un soir la moiti&eacute; d&rsquo;un poisson et l&rsquo;avala sous l&rsquo;&oelig;il protecteur de Buck. Une autre nuit, Dub et Joe se battirent avec Spitz et lui firent subir le ch&acirc;timent qu&rsquo;ils m&eacute;ritaient eux-m&ecirc;mes &agrave; juste titre ; Billee le pacifique devenait presque agressif, et Buck lui-m&ecirc;me ne montrait pas toute la magnanimit&eacute; d&eacute;sirable. Fort de sa sup&eacute;riorit&eacute;, il insultait ouvertement l&rsquo;ennemi qui nagu&egrave;re le faisait trembler, et, pour tout dire, agissait un peu en bravache.</p>\r\n<p>Le rel&acirc;chement de la discipline influait m&ecirc;me sur les rapports des chiens entre eux. Ils se disputaient et se querellaient sans cesse. Seuls, Dave et Sol-leck ne changeaient pas, tout en subissant le contre coup de ces luttes perp&eacute;tuelles. Fran&ccedil;ois avait beau jurer comme un diable en sa langue barbare, frapper du pied, s&rsquo;arracher les cheveux de rage et faire constamment siffler son fouet au milieu de la meute ; sit&ocirc;t qu&rsquo;il avait le dos tourn&eacute;, le d&eacute;sordre recommen&ccedil;ait. Il appuyait Spitz de son autorit&eacute;, mais Buck soutenait de ses dents le reste de l&rsquo;attelage. Fran&ccedil;ois devinait qu&rsquo;il &eacute;tait au fond de tout ce d&eacute;sordre, et Buck se savait soup&ccedil;onn&eacute;, mais il &eacute;tait trop habile pour se laisser surprendre. Il travaillait consciencieusement, car le harnais lui &eacute;tait devenu tr&egrave;s cher ; mais il &eacute;prouvait un bonheur plus grand encore &agrave; exciter ses camarades et &agrave; semer ainsi le d&eacute;sordre dans les rangs.</p>\r\n<p>&Agrave; l&rsquo;embouchure de la Tahkeena, un soir apr&egrave;s souper, Dub fit lever un lapin et le manqua. Aussit&ocirc;t la meute enti&egrave;re partit en chasse. Cent m&egrave;tres plus loin, cinquante chiens indig&egrave;nes se joignirent &agrave; la bande. Le lapin se dirigea vers la rivi&egrave;re et tourna dans un petit ruisseau dont il remonta rapidement la surface gel&eacute;e ; il courait l&eacute;ger sur la neige, tandis que les chiens enfon&ccedil;aient &agrave; chaque pas. La forme superbe de Buck se d&eacute;tachait en t&ecirc;te de la bande sous la clart&eacute; p&acirc;le de la lune, mais toujours devant lui bondissait le lapin, semblable &agrave; un spectre hivernal.</p>\r\n<p>Ces instincts anciens, qui &agrave; des p&eacute;riodes fixes poussent les hommes &agrave; se rendre dans les bois et les plaines pour tuer le gibier &agrave; l&rsquo;aide de boulettes de plomb, ces instincts vibraient en Buck, mais combien plus profonds ! Poursuivre une b&ecirc;te sauvage, la tuer de ses propres dents et plonger son museau jusqu&rsquo;aux yeux dans le sang &acirc;cre et chaud, tout cela constituait pour lui une joie intense, quintessence de sa vie m&ecirc;me. &Agrave; la t&ecirc;te de sa horde, il faisait r&eacute;sonner le cri de guerre du loup en s&rsquo;effor&ccedil;ant d&rsquo;atteindre la forme blanche qui fuyait devant lui au clair de lune.</p>\r\n<p>Mais Spitz, calculateur m&eacute;thodique, au plus fort m&ecirc;me de ses ardeurs, abandonna la meute et coupa &agrave; travers une &eacute;troite bande de terrain que le ruisseau enserrait d&rsquo;un long d&eacute;tour. Buck ne s&rsquo;en aper&ccedil;ut pas, et lorsqu&rsquo;il parvint &agrave; quelques m&egrave;tres du lapin, il vit surgir une autre forme blanche qui bondissait du haut du talus et venait lui prendre sa proie. Le lapin ne pouvait plus tourner, et quand les dents ac&eacute;r&eacute;es lui bris&egrave;rent les reins, il poussa un cri per&ccedil;ant comme celui d&rsquo;un humain. La meute, sur les talons de Buck, hurla de joie en entendant ce signal de mort.</p>\r\n<p>Seul, Buck demeura muet, et sans arr&ecirc;ter son &eacute;lan, se pr&eacute;cipita sur Spitz, &eacute;paule contre &eacute;paule, si violemment qu&rsquo;ils roul&egrave;rent ensemble dans la neige pulv&eacute;ris&eacute;e. Spitz, se retrouvant sur ses pattes aussit&ocirc;t, entailla l&rsquo;&eacute;paule de Buck d&rsquo;un coup de dent et bondit plus loin. Deux fois, ses m&acirc;choires se referm&egrave;rent sur lui comme les ressorts d&rsquo;acier d&rsquo;un pi&egrave;ge ; deux fois, il recula pour reprendre son &eacute;lan, et sa l&egrave;vre amaigrie se retroussait en un rictus formidable : l&rsquo;heure d&eacute;cisive &eacute;tait venue !</p>\r\n<p>Tandis qu&rsquo;ils tournaient autour l&rsquo;un de l&rsquo;autre, les oreilles en arri&egrave;re, cherchant l&rsquo;endroit vuln&eacute;rable, Buck eut comme le ressouvenir d&rsquo;une sc&egrave;ne famili&egrave;re, d&eacute;j&agrave; v&eacute;cue. Il en reconnaissait tous les d&eacute;tails : la terre et les bois tout blancs, le clair de lune et la bataille elle-m&ecirc;me. Un calme fantastique r&eacute;gnait sur cette p&acirc;leur silencieuse. Rien ne remuait ; dans les airs montait toute droite l&rsquo;haleine des chiens qui, les yeux &eacute;tincelants, entouraient les deux combattants d&rsquo;un cercle muet. Spitz &eacute;tait un adversaire exp&eacute;riment&eacute;. Du Spitzberg au Canada, il avait combattu toutes esp&egrave;ces de chiens et s&rsquo;en &eacute;tait rendu ma&icirc;tre. Sa fureur n&rsquo;&eacute;tait jamais aveugle ; car le d&eacute;sir violent de mordre et de d&eacute;chirer ne lui laissait pas oublier chez son ennemi une passion semblable &agrave; la sienne. Jamais il ne s&rsquo;&eacute;lan&ccedil;ait le premier et n&rsquo;attaquait qu&rsquo;apr&egrave;s s&rsquo;&ecirc;tre d&eacute;fendu. En vain, Buck tentait de le mordre ; chaque fois que ses dents cherchaient &agrave; s&rsquo;enfoncer dans le cou du chien blanc, elles rencontraient celles de Spitz. Les crocs s&rsquo;entrechoquaient, les l&egrave;vres saignaient, mais Buck ne pouvait arriver &agrave; surprendre son rival. Il s&rsquo;&eacute;chauffa, l&rsquo;enveloppa d&rsquo;un tourbillon d&rsquo;attaques ; mais toujours Spitz ripostait d&rsquo;un coup de dent et bondissait de c&ocirc;t&eacute;. Buck fit alors mine de s&rsquo;&eacute;lancer &agrave; hauteur de museau de son ennemi, puis, rentrant soudain la t&ecirc;te, il se servit de son &eacute;paule comme d&rsquo;un b&eacute;lier pour en battre l&rsquo;adversaire, ce qui lui valut un nouveau et terrible coup de dent, tandis que Spitz bondissait l&eacute;g&egrave;rement au loin. Celui-ci restait sans blessure en face de Buck hors d&rsquo;haleine et ruisselant de sang. La bataille approchait du d&eacute;nouement ; et le cercle des chiens-loups en attendait l&rsquo;issue pour achever le vaincu. Voyant Buck &agrave; bout de souffle, Spitz prit l&rsquo;offensive, lui livra assaut sur assaut et le fit chanceler sur ses pattes. Il tomba m&ecirc;me et les soixante chiens se dress&egrave;rent ; mais avec la rapidit&eacute; de l&rsquo;&eacute;clair il se releva, terrible, et le cercle affam&eacute; dut se r&eacute;signer &agrave; attendre. Buck avait de l&rsquo;imagination, qualit&eacute; qui peut doubler la force. Tout en combattant, sa t&ecirc;te travaillait. Il s&rsquo;&eacute;lan&ccedil;a comme pour atteindre son ennemi &agrave; l&rsquo;&eacute;paule, et rasant terre au dernier moment, ses dents se referm&egrave;rent sur la patte droite de Spitz ; on entendit les os craquer ; cependant, malgr&eacute; sa blessure, le chien blanc r&eacute;ussit &agrave; repousser plusieurs assauts de Buck. Celui-ci alors renouvela sa tactique et broya la seconde patte de devant. R&eacute;duit &agrave; l&rsquo;impuissance, Spitz s&rsquo;effor&ccedil;ait de lutter contre sa douleur et de se tenir debout. Il voyait le cercle silencieux, aux yeux &eacute;tincelants, aux langues pendantes, se refermer lentement sur lui, comme il en avait vu d&rsquo;autres le faire autour de ses victimes. Aujourd&rsquo;hui, il se savait perdu irr&eacute;missiblement, car Buck serait inexorable.</p>\r\n<p>L&rsquo;assaut final &eacute;tait proche ; le cercle des chiens-loups se resserrait &agrave; tel point que leur haleine chaude soufflait sur les flancs des combattants. Buck les voyait derri&egrave;re Spitz et &agrave; ses c&ocirc;t&eacute;s, les yeux fix&eacute;s sur lui, pr&ecirc;ts &agrave; bondir. Il y eut un instant d&rsquo;arr&ecirc;t ; chaque animal restait immobile comme une figure de pierre ; seul, Spitz, frissonnant et chancelant, hurlait comme pour &eacute;loigner la mort prochaine. Puis Buck fit un bond et sauta de c&ocirc;t&eacute;, mais dans ce mouvement il avait avec son &eacute;paule renvers&eacute; l&rsquo;ennemi. Le cercle r&eacute;tr&eacute;ci devint un point sombre sur la neige argent&eacute;e par la lune, et Spitz disparut sous la horde affam&eacute;e, tandis que Buck rest&eacute; debout contemplait la cur&eacute;e&hellip; b&ecirc;te primitive qui, ayant tu&eacute;, jouissait de cette mort qu&rsquo;elle avait donn&eacute;e.</p>', '2018-11-08 17:51:04', 1);
INSERT INTO `bl_posts` (`id`, `no`, `title`, `content`, `creation_date`, `published`) VALUES
(14, 1, 'La loi primitive', '<p>Buck ne lisait pas les journaux et &eacute;tait loin de savoir ce qui se tramait vers la fin de 1897, non seulement contre lui, mais contre tous ses cong&eacute;n&egrave;res. En effet, dans toute la r&eacute;gion qui s&rsquo;&eacute;tend du d&eacute;troit de Puget &agrave; la baie de San Di&eacute;go on traquait les grands chiens &agrave; longs poils, aussi habiles &agrave; se tirer d&rsquo;affaire dans l&rsquo;eau que sur la terre ferme&hellip;</p>\r\n<p>Les hommes, en creusant la terre obscure, y avaient trouv&eacute; un m&eacute;tal jaune, enfonc&eacute; dans le sol glac&eacute; des r&eacute;gions arctiques, et les compagnies de transport ayant r&eacute;pandu la nouvelle &agrave; grand renfort de r&eacute;clame, les gens se ruaient en foule vers le nord. Et il leur fallait des chiens, de ces grands chiens robustes aux muscles forts pour travailler, et &agrave; l&rsquo;&eacute;paisse fourrure pour se prot&eacute;ger contre le froid.</p>\r\n<p>Buck habitait cette belle demeure, situ&eacute;e dans la vall&eacute;e ensoleill&eacute;e de Santa-Clara, qu&rsquo;on appelle &laquo; le Domaine du juge Miller &raquo;.</p>\r\n<p>De la route, on distingue &agrave; peine l&rsquo;habitation &agrave; demi cach&eacute;e par les grands arbres, qui laissent entrevoir la large et fra&icirc;che v&eacute;randa, r&eacute;gnant sur les quatre faces de la maison. Des all&eacute;es soigneusement sabl&eacute;es m&egrave;nent au perron, sous l&rsquo;ombre tremblante des hauts peupliers, parmi les vertes pelouses. Un jardin immense et fleuri entoure la villa, puis ce sont les communs imposants, &eacute;curies spacieuses, o&ugrave; s&rsquo;agitent une douzaine de grooms et de valets bavards, cottages couverts de plantes grimpantes, pour les jardiniers et leurs aides ; enfin l&rsquo;interminable rang&eacute;e des serres, treilles et espaliers, suivis de vergers plantureux, de gras p&acirc;turages, de champs fertiles et de ruisseaux jaseurs.</p>\r\n<p>Le monarque absolu de ce beau royaume &eacute;tait, depuis quatre ans, le chien Buck, magnifique animal dont le poids et la majest&eacute; tenaient du gigantesque terre-neuve Elno, son p&egrave;re, tandis que sa m&egrave;re Sheps, fine chienne colley de pure race &eacute;cossaise, lui avait donn&eacute; la beaut&eacute; des formes et l&rsquo;intelligence humaine de son regard. L&rsquo;autorit&eacute; de Buck &eacute;tait indiscut&eacute;e. Il r&eacute;gnait sans conteste non seulement sur la tourbe insignifiante des chiens d&rsquo;&eacute;curie, sur le carlin japonais Toots, sur le mexicain Isabel, &eacute;trange cr&eacute;ature sans poil dont l&rsquo;aspect pr&ecirc;tait &agrave; rire, mais encore sur tous les habitants du m&ecirc;me lieu que lui. Majestueux et doux, il &eacute;tait le compagnon ins&eacute;parable du juge, qu&rsquo;il suivait dans toutes ses promenades, il s&rsquo;allongeait d&rsquo;habitude aux pieds de son ma&icirc;tre, dans la biblioth&egrave;que, le nez sur ses pattes de devant, clignant des yeux vers le feu, et ne marquant que par un imperceptible mouvement des sourcils l&rsquo;int&eacute;r&ecirc;t qu&rsquo;il prenait &agrave; tout ce qui se passait autour de lui. Mais apercevait-il au-dehors les fils a&icirc;n&eacute;s du juge, pr&ecirc;ts &agrave; se mettre en selle, il se levait d&rsquo;un air digne et daignait les escorter ; de m&ecirc;me, quand les jeunes gens prenaient leur bain matinal dans le grand r&eacute;servoir ciment&eacute; du jardin, Buck consid&eacute;rait de son devoir d&rsquo;&ecirc;tre de la f&ecirc;te. Il ne manquait pas non plus d&rsquo;accompagner les jeunes filles dans leurs promenades &agrave; pied ou en voiture ; et parfois on le voyait sur les pelouses, portant sur son dos les petits-enfants du juge, les roulant sur le gazon et faisant mine de les d&eacute;vorer, de ses deux rang&eacute;es de dents &eacute;tincelantes. Les petits l&rsquo;adoraient, tout en le craignant un peu, car Buck exer&ccedil;ait sur eux une surveillance s&eacute;v&egrave;re et ne permettait aucun &eacute;cart &agrave; la r&egrave;gle. D&rsquo;ailleurs, ils n&rsquo;&eacute;taient pas seuls &agrave; le redouter, le sentiment de sa propre importance et le respect universel qui l&rsquo;entourait investissant le bel animal d&rsquo;une dignit&eacute; vraiment royale.</p>\r\n<p>Depuis quatre ans, Buck menait l&rsquo;existence d&rsquo;un aristocrate blas&eacute;, parfaitement satisfait de soi-m&ecirc;me et des autres, peut-&ecirc;tre l&eacute;g&egrave;rement enclin &agrave; l&rsquo;&eacute;go&iuml;sme, ainsi que le sont trop souvent les grands de ce monde. Mais son activit&eacute; incessante, la chasse, la p&ecirc;che, le sport, et surtout sa passion h&eacute;r&eacute;ditaire pour l&rsquo;eau fra&icirc;che le gardaient de tout alourdissement et de la moindre d&eacute;ch&eacute;ance physique : il &eacute;tait, en v&eacute;rit&eacute;, le plus admirable sp&eacute;cimen de sa race qu&rsquo;on p&ucirc;t voir. Sa vaste poitrine, ses flancs &eacute;vid&eacute;s sous l&rsquo;&eacute;paisse et soyeuse fourrure, ses pattes droites et formidables, son large front &eacute;toil&eacute; de blanc, son regard franc, calme et attentif, le faisaient admirer de tous.</p>\r\n<p>Telle &eacute;tait la situation du chien Buck, lorsque la d&eacute;couverte des mines d&rsquo;or du Klondike attira vers le nord des milliers d&rsquo;aventuriers. Tout manquait dans ces r&eacute;gions neuves et d&eacute;sol&eacute;es ; et pour assurer la subsistance et la vie m&ecirc;me des &eacute;migrants, on dut avoir recours aux tra&icirc;neaux attel&eacute;s de chiens, seuls animaux de trait capables de supporter une temp&eacute;rature arctique.</p>\r\n<p>Buck semblait cr&eacute;&eacute; pour jouer un r&ocirc;le dans les solitudes glac&eacute;es de l&rsquo;Alaska ; et c&rsquo;est pr&eacute;cis&eacute;ment ce qui advint, gr&acirc;ce &agrave; la trahison d&rsquo;un aide-jardinier. Le mis&eacute;rable Mano&euml;l avait pour la loterie chinoise une passion effr&eacute;n&eacute;e ; et ses gages &eacute;tant &agrave; peine suffisants pour assurer l&rsquo;existence de sa femme et de ses enfants, il ne recula pas devant un crime pour se procurer les moyens de satisfaire son vice.</p>\r\n<p>Un soir, que le juge pr&eacute;sidait une r&eacute;union et que ses fils &eacute;taient absorb&eacute;s par le r&egrave;glement d&rsquo;un nouveau club athl&eacute;tique, le tra&icirc;tre Mano&euml;l appelle doucement Buck, qui le suit sans d&eacute;fiance, convaincu qu&rsquo;il s&rsquo;agit d&rsquo;une simple promenade &agrave; la brume. Tous deux traversent sans encombre la propri&eacute;t&eacute;, gagnent la grande route et arrivent tranquillement &agrave; la petite gare de Coll&egrave;ge-Park. L&agrave;, un homme inconnu place dans la main de Mano&euml;l quelques pi&egrave;ces d&rsquo;or, tout en lui reprochant d&rsquo;amener l&rsquo;animal en libert&eacute;. Aussit&ocirc;t Mano&euml;l jette au cou de Buck une corde assez forte pour l&rsquo;&eacute;trangler en cas de r&eacute;sistance. Buck supporte cet affront avec calme et dignit&eacute; ; bien que ce proc&eacute;d&eacute; inusit&eacute; le surprenne, il a, par habitude, confiance en tous les gens de la maison, et sait que les hommes poss&egrave;dent une sagesse sup&eacute;rieure m&ecirc;me &agrave; la sienne. Toutefois, quand l&rsquo;&eacute;tranger fait mine de prendre la corde, Buck manifeste par un profond grondement le d&eacute;plaisir qu&rsquo;il &eacute;prouve. Aussit&ocirc;t la corde se resserre, lui meurtrissant cruellement la gorge et lui coupant la respiration. Indign&eacute;, Buck, se jette sur l&rsquo;homme ; alors celui-ci donne un tour de poignet vigoureux : la corde se resserre encore ; furieux, surpris, la langue pendante, la poitrine convuls&eacute;e, Buck se tord impuissant, ressentant plus vivement l&rsquo;outrage inattendu que l&rsquo;atroce douleur physique ; ses beaux yeux se couvrent d&rsquo;un nuage, deviennent vitreux&hellip; et c&rsquo;est &agrave; demi mort qu&rsquo;il est brutalement jet&eacute; dans un fourgon &agrave; bagages par les deux complices.</p>\r\n<p>Quand Buck revint &agrave; lui, tremblant de douleur et de rage, il comprit qu&rsquo;il &eacute;tait emport&eacute; par un train, car ses fr&eacute;quentes excursions avec le juge lui avaient appris &agrave; conna&icirc;tre ce mode de locomotion.</p>\r\n<p>Ses yeux, en s&rsquo;ouvrant, exprim&egrave;rent la col&egrave;re et l&rsquo;indignation d&rsquo;un monarque trahi. Soudain, il aper&ccedil;oit &agrave; ses c&ocirc;t&eacute;s l&rsquo;homme auquel Mano&euml;l l&rsquo;a livr&eacute;. Bondir sur lui, ivre de rage, est l&rsquo;affaire d&rsquo;un instant ; mais d&eacute;j&agrave; la corde se resserre et l&rsquo;&eacute;trangle&hellip; pas sit&ocirc;t pourtant que les m&acirc;choires puissantes du molosse n&rsquo;aient eu le temps de se refermer sur la main brutale, la broyant jusqu&rsquo;&agrave; l&rsquo;os&hellip;</p>\r\n<p>Un homme d&rsquo;&eacute;quipe accourt au bruit :</p>\r\n<p>&ndash; Cette brute a des attaques d&rsquo;&eacute;pilepsie, fait le voleur, dissimulant sa main ensanglant&eacute;e sous sa veste. On l&rsquo;emm&egrave;ne &agrave; San Francisco, histoire de le faire traiter par un fameux v&eacute;t&eacute;rinaire. &Ccedil;a vaut de l&rsquo;argent, un animal comme &ccedil;a&hellip; son ma&icirc;tre y tient&hellip;</p>\r\n<p>L&rsquo;homme d&rsquo;&eacute;quipe se retire, satisfait de l&rsquo;explication.</p>\r\n<p>Mais quand on arrive &agrave; San Francisco, les habits du voleur sont en lambeaux, son pantalon pend d&eacute;chir&eacute; &agrave; partir du genou, et le mouchoir qui enveloppe sa main est teint d&rsquo;une pourpre sombre. Le voyage, &eacute;videmment, a &eacute;t&eacute; mouvement&eacute;.</p>\r\n<p>Il tra&icirc;ne Buck &agrave; demi mort jusqu&rsquo;&agrave; une taverne louche du bord de l&rsquo;eau, et l&agrave;, tout en examinant ses blessures, il ouvre son c&oelig;ur au cabaretier.</p>\r\n<p>&ndash; Sacr&eacute; animal . En voil&agrave; un enrag&eacute; !&hellip; grommelle-t-il en avalant une copieuse rasade de gin ; cinquante dollars pour cette besogne-l&agrave; !&hellip; Par ma foi, je ne recommencerais pas pour mille !</p>\r\n<p>&ndash; Cinquante ? fait le patron. Et combien l&rsquo;autre a-t-il touch&eacute; ?</p>\r\n<p>&ndash; Hum !&hellip; il n&rsquo;a jamais voulu l&acirc;cher cette sale b&ecirc;te pour moins de cent&hellip; grogne l&rsquo;homme.</p>\r\n<p>&ndash; Cent cinquante ?&hellip; Pardieu, il les vaut ou je ne suis qu&rsquo;un imb&eacute;cile, fait le patron, examinant le chien.</p>\r\n<p>Mais le voleur a d&eacute;fait le bandage grossier qui entoure sa main bless&eacute;e.</p>\r\n<p>&ndash; Du diable si je n&rsquo;attrape pas la rage ! exclame-t-il avec col&egrave;re.</p>\r\n<p>&ndash; Pas de danger !&hellip; C&rsquo;est la potence qui t&rsquo;attend&hellip; ricane le patron. Dis donc, il serait peut-&ecirc;tre temps de lui enlever son collier&hellip;</p>\r\n<p>&Eacute;tourdi, souffrant cruellement de sa gorge et de sa langue meurtries, &agrave; moiti&eacute; &eacute;trangl&eacute;, Buck voulut faire face &agrave; ses tourmenteurs. Mais la corde eut raison de ses r&eacute;sistances ; on r&eacute;ussit enfin &agrave; limer le lourd collier de cuivre marqu&eacute; au nom du juge. Alors les deux hommes lui retir&egrave;rent la corde et le jet&egrave;rent dans une caisse renforc&eacute;e de barreaux de fer.</p>\r\n<p>Il y passa une triste nuit, ressassant ses douleurs et ses outrages. Il ne comprenait rien &agrave; tout cela. Que lui voulaient ces hommes ? Pourquoi le maltraitaient-ils ainsi ? Au moindre bruit il dressait les oreilles, croyant voir para&icirc;tre le juge ou tout au moins un de ses fils. Mais lorsqu&rsquo;il apercevait la face avin&eacute;e du cabaretier, ou les yeux louches de son compagnon de route, le cri joyeux qui tremblait dans sa gorge se changeait en un grognement profond et sauvage.</p>\r\n<p>Enfin tout se tut. &Agrave; l&rsquo;aube, quatre individus de mauvaise mine vinrent prendre la caisse qui contenait Buck et la plac&egrave;rent sur un fourgon.</p>\r\n<p>L&rsquo;animal commen&ccedil;a par aboyer avec fureur contre ces nouveaux venus. Mais s&rsquo;apercevant bient&ocirc;t qu&rsquo;ils se riaient de sa rage impuissante, il alla se coucher dans un coin de sa cage et y demeura farouche, immobile et silencieux.</p>\r\n<p>Le voyage fut long. Transbord&eacute; d&rsquo;une gare &agrave; une autre, passant d&rsquo;un train de marchandises &agrave; un express, Buck traversa &agrave; toute vapeur une grande &eacute;tendue de pays. Le trajet dura quarante-huit heures.</p>\r\n<p>De tout ce temps il n&rsquo;avait ni bu ni mang&eacute;. Comme il ne r&eacute;pondait que par un grognement sourd aux avances des employ&eacute;s du train, ceux-ci se veng&egrave;rent en le privant de nourriture. La faim ne le tourmentait pas autant que la soif cruelle qui dess&eacute;chait sa gorge, enflamm&eacute;e par la pression de la corde. La fureur grondait en son c&oelig;ur et ajoutait &agrave; la fi&egrave;vre ardente qui le consumait ; et la douceur de sa vie pass&eacute;e rendait plus douloureuse sa condition pr&eacute;sente.</p>\r\n<p>Buck, r&eacute;fl&eacute;chissant en son &acirc;me de chien &agrave; tout ce qui lui &eacute;tait arriv&eacute; en ces deux jours pleins de surprises et d&rsquo;horreur, sentait cro&icirc;tre son indignation et sa col&egrave;re, augment&eacute;es par la sensation inaccoutum&eacute;e de la faim qui lui tenaillait les entrailles. Malheur au premier qui passerait &agrave; sa port&eacute;e en ce moment ! Le juge lui-m&ecirc;me aurait eu peine &agrave; reconna&icirc;tre en cet animal farouche le d&eacute;bonnaire compagnon de ses journ&eacute;es paisibles ; quant aux employ&eacute;s du train, ils pouss&egrave;rent un soupir de soulagement en d&eacute;barquant &agrave; Seattle la caisse contenant &laquo; la b&ecirc;te fauve &raquo;.</p>\r\n<p>Quatre hommes l&rsquo;ayant soulev&eacute;e avec pr&eacute;caution la transport&egrave;rent dans une cour &eacute;troite et noire, entour&eacute;e de hautes murailles, et dans laquelle se tenait un homme court et trapu, la pipe aux dents, le buste pris dans un maillot de laine rouge aux manches roul&eacute;es au-dessus du coude.</p>\r\n<p>Devinant en cet homme un nouvel ennemi, Buck, le regard rouge, le poil h&eacute;riss&eacute;, les crocs visibles sous la l&egrave;vre retrouss&eacute;e, se rua contre les barreaux de sa cage avec un v&eacute;ritable hurlement.</p>\r\n<p>L&rsquo;homme eut un mauvais sourire : il posa sa pipe, et s&rsquo;&eacute;tant muni d&rsquo;une hache et d&rsquo;un &eacute;norme gourdin, il se rapprocha d&rsquo;un pas d&eacute;lib&eacute;r&eacute;.</p>\r\n<p>&ndash; Dis donc, tu ne vas pas le sortir, je pense ? s&rsquo;&eacute;cria un des porteurs en reculant.</p>\r\n<p>&ndash; Tu crois &ccedil;a ?&hellip; Attends un peu ! fit l&rsquo;homme, ins&eacute;rant d&rsquo;un coup sa hache entre les planches de la caisse.</p>\r\n<p>Les assistants se h&acirc;t&egrave;rent de se retirer, et reparurent au bout de peu d&rsquo;instants, perch&eacute;s sur le mur de la cour en bonne place pour voir ce qui allait se passer.</p>\r\n<p>Lorsque Buck entendit r&eacute;sonner les coups de hache contre les parois de sa cage, il se mit debout, et mordant les barreaux, fr&eacute;missant de col&egrave;re et d&rsquo;impatience, il attendit.</p>\r\n<p>&ndash; &Agrave; nous deux, l&rsquo;ami !&hellip; Tu me feras les yeux doux tout &agrave; l&rsquo;heure !&hellip; grommela l&rsquo;homme au maillot rouge.</p>\r\n<p>Et, d&egrave;s qu&rsquo;il eut pratiqu&eacute; une ouverture suffisante pour livrer passage &agrave; l&rsquo;animal, il rejeta sa hache et se tint pr&ecirc;t, son gourdin bien en main.</p>\r\n<p>Buck &eacute;tait m&eacute;connaissable ; l&rsquo;&oelig;il sanglant, la mine hagarde et farouche, l&rsquo;&eacute;cume &agrave; la gueule, il se rua sur l&rsquo;homme, pareil &agrave; une b&ecirc;te enrag&eacute;e&hellip; Mais au moment o&ugrave; ses m&acirc;choires de fer allaient se refermer en &eacute;tau sur sa proie, un coup savamment appliqu&eacute; en plein cr&acirc;ne le jeta &agrave; terre. Ses dents s&rsquo;entrechoquent violemment ; mais se relevant d&rsquo;un bond, il s&rsquo;&eacute;lance, plein d&rsquo;une rage aveugle ; de nouveau il est rudement abattu. Sa rage cro&icirc;t. Dix fois, vingt fois, il revient &agrave; la charge, mais, &agrave; chaque tentative, un coup formidable, appliqu&eacute; de main de ma&icirc;tre, arr&ecirc;te son &eacute;lan. Enfin, &eacute;tourdi, h&eacute;b&eacute;t&eacute;, Buck demeure &agrave; terre, haletant ; le sang d&eacute;goutte de ses narines, de sa bouche, de ses oreilles ; son beau poil est souill&eacute; d&rsquo;une &eacute;cume sanglante ; la malheureuse b&ecirc;te sent son c&oelig;ur g&eacute;n&eacute;reux pr&ecirc;t &agrave; se rompre de douleur et de rage impuissante&hellip;</p>\r\n<p>Alors l&rsquo;Homme fait un pas en avant, et froidement, d&eacute;lib&eacute;r&eacute;ment, prenant &agrave; deux mains son gourdin, il ass&egrave;ne sur le nez du chien un coup terrible. L&rsquo;atroce souffrance r&eacute;veille Buck de sa torpeur : aucun des autres coups n&rsquo;avait &eacute;gal&eacute; celui-ci. Avec un hurlement fou il se jette sur son ennemi. Mais sans s&rsquo;&eacute;mouvoir, celui-ci empoigne la gueule ouverte, et broyant dans ses doigts de fer la m&acirc;choire inf&eacute;rieure de l&rsquo;animal, il le secoue, le balance et, finalement, l&rsquo;enlevant de terre &agrave; bout de bras, il lui fait d&eacute;crire un cercle complet et le lance &agrave; toute vol&eacute;e contre terre, la t&ecirc;te la premi&egrave;re.</p>\r\n<p>Ce coup, r&eacute;serv&eacute; pour la fin, lui assure la victoire. Buck demeure immobile, assomm&eacute;.</p>\r\n<p>&ndash; Hein ?&hellip; Crois-tu&hellip; qu&rsquo;il n&rsquo;a pas son pareil pour mater un chien ?&hellip; crient les spectateurs enthousiasm&eacute;s.</p>\r\n<p>&ndash; Ma foi, dit l&rsquo;un d&rsquo;eux en s&rsquo;en allant, j&rsquo;aimerais mieux casser des cailloux tous les jours sur la route, et deux fois le dimanche, que de faire un pareil m&eacute;tier&hellip; Cela soul&egrave;ve le c&oelig;ur&hellip;</p>\r\n<p>Buck, peu &agrave; peu, reprenait ses sens, mais non ses forces ; &eacute;tendu &agrave; l&rsquo;endroit o&ugrave; il &eacute;tait venu s&rsquo;abattre, il suivait d&rsquo;un &oelig;il atone tous les mouvements de l&rsquo;homme au maillot rouge.</p>\r\n<p>Celui-ci se rapprochait tranquillement.</p>\r\n<p>&ndash; Eh bien, mon gar&ccedil;on ? fit-il avec une sorte de rude enjouement, comment &ccedil;a va-t-il ?&hellip; Un peu mieux, hein ?&hellip; Para&icirc;t qu&rsquo;on vous appelle Buck, ajouta-t-il en consultant la pancarte appendue aux barreaux de la cage. Bien. Alors, Buck, mon vieux, voil&agrave; ce que j&rsquo;ai &agrave; vous dire : Nous nous comprenons, je crois. Vous venez d&rsquo;apprendre &agrave; conna&icirc;tre votre place. Moi, je saurai garder la mienne. Si vous &ecirc;tes un bon chien, cela marchera. Si vous faites le m&eacute;chant, voici un b&acirc;ton qui vous enseignera la sagesse. Compris, pas vrai ?&hellip; Entendu !&hellip;</p>\r\n<p>Et, sans nulle crainte, il passa sa rude main sur la t&ecirc;te puissante, saignant encore de ses coups. Buck sentit son poil se h&eacute;risser &agrave; ce contact, mais il le subit sans protester. Et quand l&rsquo;Homme lui apporta une jatte d&rsquo;eau fra&icirc;che, il but avidement ; ensuite il accepta un morceau de viande crue que l&rsquo;Homme lui donna bouch&eacute;e par bouch&eacute;e.</p>\r\n<p>Buck, vaincu, venait d&rsquo;apprendre une le&ccedil;on qu&rsquo;il n&rsquo;oublierait de sa vie : c&rsquo;est qu&rsquo;il ne pouvait rien contre un &ecirc;tre humain arm&eacute; d&rsquo;une massue. Se trouvant pour la premi&egrave;re fois face &agrave; face avec la loi primitive, envisageant les conditions nouvelles et impitoyables de son existence, il perdit la m&eacute;moire de la douceur des jours &eacute;coul&eacute;s et se r&eacute;solut &agrave; souffrir l&rsquo;In&eacute;vitable.</p>\r\n<p>D&rsquo;autres chiens arrivaient en grand nombre, les uns dociles et joyeux, les autres furieux comme lui-m&ecirc;me ; mais chacun &agrave; son tour apprenait sa le&ccedil;on. Et chaque fois que se renouvelait sous ses yeux la sc&egrave;ne brutale de sa propre arriv&eacute;e, cette le&ccedil;on p&eacute;n&eacute;trait plus profond&eacute;ment dans son c&oelig;ur : sans aucun doute possible, il fallait ob&eacute;ir &agrave; la loi du plus fort&hellip;</p>\r\n<p>Mais, quelque convaincu qu&rsquo;il f&ucirc;t de cette dure n&eacute;cessit&eacute;, jamais Buck n&rsquo;aurait imit&eacute; la bassesse de certains de ses cong&eacute;n&egrave;res qui, battus, venaient en rampant l&eacute;cher la main du ma&icirc;tre. Buck, lui, ob&eacute;issait, mais sans rien perdre de sa fi&egrave;re attitude, en se mesurant de l&rsquo;&oelig;il &agrave; l&rsquo;Homme abhorr&eacute;&hellip;</p>\r\n<p>Souvent il venait des &eacute;trangers qui, apr&egrave;s avoir examin&eacute; les camarades, remettaient en &eacute;change des pi&egrave;ces d&rsquo;argent, puis emmenaient un ou plusieurs chiens, qui ne reparaissaient plus. Buck ne savait ce que cela signifiait.</p>\r\n<p>Enfin, son tour vint.</p>\r\n<p>Un jour, parut au chenil un petit homme sec et vif, &agrave; la mine fut&eacute;e, crachant un anglais bizarre panach&eacute; d&rsquo;expressions inconnues &agrave; Buck.</p>\r\n<p>&ndash; Sacrrr&eacute; m&acirc;tin !&hellip; cria-t-il en apercevant le superbe animal. V&rsquo;l&agrave; un damn&eacute; failli chien !&hellip; Le diable m&rsquo;emporte !&hellip; Combien ?</p>\r\n<p>&ndash; Trois cents dollars. Et encore ! C&rsquo;est un vrai cadeau qu&rsquo;on vous fait, r&eacute;pliqua promptement le vendeur de chiens. Mais c&rsquo;est l&rsquo;argent du gouvernement qui danse, hein, Perrault ? Pas besoin de vous g&ecirc;ner ?</p>\r\n<p>Perrault se contenta de rire dans sa barbe. Certes, non, ce n&rsquo;&eacute;tait pas trop payer un animal pareil, et le gouvernement canadien ne se plaindrait pas quand il verrait les courriers arriver moiti&eacute; plus vite que d&rsquo;ordinaire. Perrault &eacute;tait connaisseur. Et d&egrave;s qu&rsquo;il eut examin&eacute; Buck, il comprit qu&rsquo;il ne rencontrerait jamais son &eacute;gal.</p>\r\n<p>Buck, attentif, entendit tinter l&rsquo;argent que le visiteur comptait dans la main de son dompteur. Puis Perrault siffla Buck et Curly, terre-neuve d&rsquo;un excellent caract&egrave;re, arriv&eacute; depuis peu, et qu&rsquo;il avait &eacute;galement achet&eacute;. Les chiens suivirent leur nouveau ma&icirc;tre.</p>\r\n<p>Perrault emmena les deux chiens sur le paquebot Narwhal, qui se mit promptement en route ; et tandis que Buck, anim&eacute; et joyeux, regardait dispara&icirc;tre &agrave; l&rsquo;horizon la ville de Seattle, il ne se doutait gu&egrave;re que ses yeux contemplaient pour la derni&egrave;re fois les terres ensoleill&eacute;es du Sud.</p>\r\n<p>Bient&ocirc;t Perrault descendit les b&ecirc;tes dans l&rsquo;entrepont et les confia &agrave; un g&eacute;ant &agrave; face basan&eacute;e qui r&eacute;pondait au nom de Fran&ccedil;ois. Perrault &eacute;tait un Franco-Canadien suffisamment bronz&eacute; ; mais Fran&ccedil;ois &eacute;tait un m&eacute;tis indien franco-canadien beaucoup plus bronz&eacute; encore.</p>\r\n<p>Buck n&rsquo;avait jamais rencontr&eacute; d&rsquo;hommes du type de ceux-ci ; il ne tarda pas &agrave; ressentir pour eux une estime sinc&egrave;re, bien que d&eacute;nu&eacute;e de toute tendresse ; car, s&rsquo;ils &eacute;taient durs et froids, ils se montraient strictement justes ; en outre, leur intime connaissance de la race canine rendait vain tout essai de tromperie et leur attirait le respect.</p>\r\n<p>Buck et Curly trouv&egrave;rent deux autres compagnons dans l&rsquo;entrepont du Narwhal. L&rsquo;un, fort m&acirc;tin d&rsquo;un blanc de neige, ramen&eacute; du Spitzberg par le capitaine d&rsquo;un baleinier, &eacute;tait un chien aux dehors sympathiques, mais d&rsquo;un caract&egrave;re faux. D&egrave;s le premier repas, il vola la part de Buck. Comme celui-ci, indign&eacute;, s&rsquo;&eacute;lan&ccedil;ait pour reprendre son bien, la longue m&egrave;che du fouet de Fran&ccedil;ois siffla dans les airs et venant cingler le voleur, le for&ccedil;a de rendre le butin mal acquis. Buck jugea que Fran&ccedil;ois &eacute;tait un homme juste et lui accorda son estime.</p>\r\n<p>Le second chien &eacute;tait un animal d&rsquo;un caract&egrave;re morose et atrabilaire ; il sut promptement faire comprendre &agrave; Curly, qui multipliait les avances, sa volont&eacute; d&rsquo;&ecirc;tre laiss&eacute; tranquille. Mais lui, du moins, ne volait la part de personne. Dave semblait penser uniquement &agrave; manger, b&acirc;iller, boire et dormir. Rien ne l&rsquo;int&eacute;ressait hors de lui-m&ecirc;me.</p>\r\n<p>Quand le paquebot entra dans la baie de la Reine-Charlotte, Buck et Curly pens&egrave;rent devenir fous de terreur en sentant le bateau rouler, tanguer et crier comme un &ecirc;tre humain sous les coups de la lame. Mais Dave, t&eacute;moin de leur agitation, levant la t&ecirc;te, les regarda avec m&eacute;pris ; puis il b&acirc;illa et, se recouchant sur l&rsquo;autre c&ocirc;t&eacute;, se rendormit tranquillement.</p>\r\n<p>Les jours pass&egrave;rent, longs et monotones. Peu &agrave; peu la temp&eacute;rature s&rsquo;abaissait. Jamais Buck n&rsquo;avait eu si grand froid.</p>\r\n<p>Enfin l&rsquo;h&eacute;lice se tut ; et le navire demeura immobile ; mais aussit&ocirc;t une agitation f&eacute;brile s&rsquo;empara de tous les passagers. Fran&ccedil;ois accoupla vivement les chiens et les fit monter sur le pont. On se bousculait pour franchir la passerelle ; et tout &agrave; coup Buck se sentit enfoncer dans une substance molle et blanche, semblable &agrave; de la poussi&egrave;re froide et mouill&eacute;e. Il recula en grondant ; d&rsquo;autres petites choses blanches tombaient et s&rsquo;accrochaient &agrave; son poil. Intrigu&eacute;, il en happa une au passage et demeura surpris : cette substance blanche br&ucirc;lait comme le feu et fondait comme l&rsquo;eau&hellip;</p>\r\n<p>Et les spectateurs de rire.</p>\r\n<p>Buck &eacute;tait excusable pourtant de manifester quelque surprise en voyant de la neige pour la premi&egrave;re fois de sa vie</p>', '2018-11-11 12:32:18', 1);
INSERT INTO `bl_posts` (`id`, `no`, `title`, `content`, `creation_date`, `published`) VALUES
(17, 4, 'Les fatigues du harnais et de la route', '<p>Trente jours apr&egrave;s avoir quitt&eacute; Dawson, le courrier de Salt-Water entrait &agrave; Skagway. Les chiens &eacute;taient en piteux &eacute;tat, tra&icirc;nant la patte et &agrave; peu pr&egrave;s fourbus. Buck avait perdu trente-cinq livres de son poids, et ses compagnons avaient souffert plus encore. Pike le geignard, qui si souvent dans sa vie avait feint d&rsquo;&ecirc;tre bless&eacute; &agrave; la jambe, l&rsquo;&eacute;tait pour tout de bon cette fois, Sol-leck boitait, et Dub souffrait d&rsquo;une omoplate foul&eacute;e ; ils avaient perdu toute &eacute;nergie et tout ressort, et leurs pattes dessol&eacute;es s&rsquo;enfon&ccedil;aient lourdement dans la neige. Ce n&rsquo;&eacute;tait pas chez eux cette lassitude extr&ecirc;me que produit un effort court et violent, et qui dispara&icirc;t apr&egrave;s quelques heures de repos, mais la d&eacute;pression compl&egrave;te due &agrave; un labeur excessif et trop prolong&eacute;.</p>\r\n<p>En moins de cinq mois, l&rsquo;attelage avait fait deux mille cinq cents miles et durant les huit cents derniers n&rsquo;avait pris que cinq jours de repos. En arrivant &agrave; Skagway, les chiens pouvaient &agrave; peine tendre les traits du tra&icirc;neau ou &eacute;viter d&rsquo;&ecirc;tre frapp&eacute;s par son avant dans les descentes.</p>\r\n<p>&ndash; Hardi ! mes pauvres vieux ! leur disait le conducteur pour les encourager. C&rsquo;est la fin. On va se reposer pour de bon &agrave; pr&eacute;sent&hellip;</p>\r\n<p>Et certes les hommes eux-m&ecirc;mes avaient bien gagn&eacute; leur repos, car ils ne s&rsquo;&eacute;taient arr&ecirc;t&eacute;s que deux jours pendant ce voyage de douze cents miles. Mais l&rsquo;exode vers le Klondike avait &eacute;t&eacute; si consid&eacute;rable que les lettres adress&eacute;es aux mineurs formaient des montagnes et le gouvernement n&rsquo;admettait aucun retard : il fallait arriver &agrave; temps, quitte &agrave; remplacer par des &eacute;quipes fra&icirc;ches de chiens de la baie d&rsquo;Hudson, les attelages &eacute;reint&eacute;s.</p>\r\n<p>Trois jours apr&egrave;s leur arriv&eacute;e &agrave; Skagway, Buck et ses compagnons n&rsquo;&eacute;taient pas encore remis de leurs fatigues. Le matin du quatri&egrave;me jour, deux citoyens des &Eacute;tats-Unis r&eacute;pondant aux noms de Hal et de Charles vinrent examiner l&rsquo;attelage et l&rsquo;achet&egrave;rent pour une bagatelle, harnais compris.</p>\r\n<p>Charles &eacute;tait un homme d&rsquo;&acirc;ge moyen, aux cheveux blonds, aux yeux faibles et larmoyants, &agrave; la bouche molle et sans caract&egrave;re orn&eacute;e d&rsquo;une moustache audacieusement retrouss&eacute;e. Hal &eacute;tait un gar&ccedil;on de dix-neuf &agrave; vingt ans ; on le voyait toujours arm&eacute; d&rsquo;un revolver Colt et d&rsquo;un couteau de chasse pass&eacute;s dans sa ceinture h&eacute;riss&eacute;e de cartouches.</p>\r\n<p>La pr&eacute;sence dans le Nord de ces deux hommes clairement d&eacute;pays&eacute;s &eacute;tait un myst&egrave;re incompr&eacute;hensible. Buck, les ayant vus remettre de l&rsquo;argent &agrave; l&rsquo;agent du gouvernement, devina aussit&ocirc;t que le m&eacute;tis &eacute;cossais et ses compagnons allaient dispara&icirc;tre de sa vie, comme Perrault, Fran&ccedil;ois et tant d&rsquo;autres. Amen&eacute; avec ses camarades chez ses nouveaux propri&eacute;taires, il vit un camp mal tenu o&ugrave; s&rsquo;agitait, devant une tente &agrave; peine fix&eacute;e au sol, une jeune femme aux cheveux &eacute;bouriff&eacute;s, s&oelig;ur de Hal et &eacute;pouse de Charles, qui r&eacute;pondait au nom de Merc&eacute;d&egrave;s.</p>\r\n<p>Buck regarda avec appr&eacute;hension ses nouveaux ma&icirc;tres charger le tra&icirc;neau ; tous les trois se donnaient beaucoup de mal, mais proc&eacute;daient sans aucune m&eacute;thode. La tente fut roul&eacute;e en un paquet maladroit et encombrant ; les assiettes d&rsquo;&eacute;tain qui gisaient &eacute;parses sur le sol furent emball&eacute;es sans m&ecirc;me &ecirc;tre lav&eacute;es.</p>\r\n<p>Merc&eacute;d&egrave;s g&ecirc;nait les mouvements des hommes, tout en leur prodiguant les remontrances et les avis. Aucun colis n&rsquo;&eacute;tait plac&eacute; &agrave; sa satisfaction et il fallait constamment rouvrir les sacs pour y remettre des objets oubli&eacute;s.</p>\r\n<p>Trois hommes sortis d&rsquo;une tente voisine les regardaient faire en ricanant.</p>\r\n<p>&ndash; Vous avez d&eacute;j&agrave; un fort chargement, dit l&rsquo;un d&rsquo;eux ; certes, je n&rsquo;ai pas &agrave; vous donner de conseils, mais &agrave; votre place, je ne m&rsquo;embarrasserais pas de cette tente.</p>\r\n<p>&ndash; Que dites-vous ? s&rsquo;&eacute;cria Merc&eacute;d&egrave;s, froiss&eacute;e. Me passer de tente ?&hellip; Et comment ferais-je la nuit ?</p>\r\n<p>&ndash; Voici le printemps, les froids sont finis, r&eacute;pliqua l&rsquo;homme.</p>\r\n<p>Mais la jeune femme repoussa avec indignation l&rsquo;id&eacute;e de se coucher &agrave; la belle &eacute;toile.</p>\r\n<p>Cependant Charles et Hal achevaient de disposer les derniers paquets au sommet d&rsquo;une v&eacute;ritable montagne de colis.</p>\r\n<p>&ndash; Vous croyez que cela tiendra ? fit l&rsquo;un des spectateurs.</p>\r\n<p>&ndash; Pourquoi pas ? demanda Charles d&rsquo;un ton sec.</p>\r\n<p>&ndash; Oh ! bien, bien, reprit promptement son interlocuteur, j&rsquo;en doutais, voil&agrave; tout, car cela me para&icirc;t diablement lourd par le haut.</p>\r\n<p>Mais Charles lui tourna le dos et se mit en devoir d&rsquo;attacher tant bien que mal les courroies du tra&icirc;neau.</p>\r\n<p>&ndash; Les chiens n&rsquo;auront aucune peine &agrave; marcher une journ&eacute;e tout enti&egrave;re avec ce catafalque derri&egrave;re eux, affirma le second des assistants d&rsquo;une voix sarcastique.</p>\r\n<p>&ndash; Bien s&ucirc;r, r&eacute;pondit froidement Hal.</p>\r\n<p>Et prenant la barre du tra&icirc;neau d&rsquo;une main et son fouet de l&rsquo;autre :</p>\r\n<p>&ndash; Allons !&hellip; Hardi !&hellip; En avant ! cria-t-il.</p>\r\n<p>Les chiens s&rsquo;&eacute;lancent, tirant de toutes leurs forces, pressant de la poitrine contre les bricoles ; mais ils sont forc&eacute;s de s&rsquo;arr&ecirc;ter, impuissants &agrave; faire bouger seulement le tra&icirc;neau.</p>\r\n<p>&ndash; Ah ! brutes de paresseux ! C&rsquo;est moi qui vais vous faire marcher ! crie Hal furieux, faisant claquer son fouet.</p>\r\n<p>Mais Merc&eacute;d&egrave;s s&rsquo;interpose soudain et le lui arrache des mains.</p>\r\n<p>&ndash; Je ne veux pas qu&rsquo;on les batte ! s&rsquo;&eacute;crie-t-elle avec une moue enfantine. Les pauvres ch&eacute;ris !&hellip; les chers mignons !&hellip; Hal, il faut me promettre de ne pas les toucher du bout du fouet de tout le voyage, sans quoi je ne pars pas&hellip;</p>\r\n<p>&ndash; Oui-da ; on voit que vous vous entendez &agrave; mener les chiens, fait son fr&egrave;re avec ironie. Laissez-moi tranquille, voulez-vous ? Je vous dis que ce sont des paresseux et qu&rsquo;il faut les rouer de coups pour en obtenir quelque chose. C&rsquo;est le seul moyen, tout le monde vous le dira. Demandez plut&ocirc;t &agrave; ces hommes.</p>\r\n<p>Mais Merc&eacute;d&egrave;s, par son expression boudeuse, exprima la vive r&eacute;pugnance que lui inspiraient ces grossiers proc&eacute;d&eacute;s.</p>\r\n<p>&ndash; Voulez-vous que je vous dise ? reprit un des hommes. Vos b&ecirc;tes sont faibles &agrave; ne pas tenir debout. Elles sont fourbues. C&rsquo;est un bon repos qu&rsquo;il leur faudrait.</p>\r\n<p>&ndash; Au diable le repos ! fit Hal avec humeur.</p>\r\n<p>Et Merc&eacute;d&egrave;s se rangeant aussit&ocirc;t &agrave; son avis :</p>\r\n<p>&ndash; Laissez-les dire ; ne faites pas attention &agrave; eux. C&rsquo;est &agrave; vous de mener vos b&ecirc;tes comme vous l&rsquo;entendez, s&rsquo;&eacute;cria-t-elle d&rsquo;un air de d&eacute;dain.</p>\r\n<p>Le fouet de Hal s&rsquo;abattit de nouveau sur les chiens ; ils pes&egrave;rent de toutes leurs forces sur les bricoles, s&rsquo;arc-bout&egrave;rent dans la neige, et d&eacute;ploy&egrave;rent toute l&rsquo;&eacute;nergie qui leur restait ; mais le tra&icirc;neau semblait ancr&eacute; dans le sol durci.</p>\r\n<p>Apr&egrave;s plusieurs tentatives inutiles, l&rsquo;attelage s&rsquo;arr&ecirc;ta brusquement, haletant ; le fouet claquait sans merci, et Merc&eacute;d&egrave;s jugea le moment venu d&rsquo;intervenir de nouveau : s&rsquo;agenouillant devant Buck les larmes aux yeux, elle lui jeta les bras autour du cou, proc&eacute;d&eacute; familier qu&rsquo;il go&ucirc;ta fort peu.</p>\r\n<p>&ndash; Oh ! mon pauvre ch&eacute;ri ! s&rsquo;&eacute;cria-t-elle avec un gracieux d&eacute;sespoir, pourquoi ne voulez-vous pas tirer ?&hellip; M&eacute;chantes b&ecirc;tes !&hellip; Vous ne seriez pas battus, alors !&hellip;</p>\r\n<p>Un des spectateurs, qui jusque-l&agrave; serrait les dents pour ne pas exprimer trop vertement son opinion, prit alors la parole :</p>\r\n<p>&ndash; Je me fiche pas mal de ce qui peut vous arriver, d&eacute;clara-t-il, mais &agrave; cause des chiens, je tiens &agrave; vous dire que vous les aideriez rudement en &eacute;branlant le tra&icirc;neau. Les patins sont compl&egrave;tement gel&eacute;s. Appuyez fortement sur le gouvernail &agrave; droite et &agrave; gauche et la glace c&eacute;dera.</p>\r\n<p>Hal ayant daign&eacute; suivre ce conseil, les chiens, sous une gr&ecirc;le de coups, firent un effort h&eacute;ro&iuml;que, les patins gliss&egrave;rent sur le sol et le tra&icirc;neau surcharg&eacute; s&rsquo;&eacute;lan&ccedil;a brusquement.</p>\r\n<p>Mais au bout de cent m&egrave;tres le chemin faisait un coude et s&rsquo;amor&ccedil;ait &agrave; la rue principale par une descente abrupte. Pour maintenir en &eacute;quilibre &agrave; ce passage une masse aussi lourde, il aurait fallu un conducteur plus exp&eacute;riment&eacute; que Hal. Le tra&icirc;neau versa, comme on pouvait s&rsquo;y attendre ; mais les chiens irrit&eacute;s par les coups ne s&rsquo;arr&ecirc;t&egrave;rent pas. Buck prit le galop, suivi de tous ses camarades, et le tra&icirc;neau all&eacute;g&eacute; les suivit en rebondissant, couch&eacute; sur le c&ocirc;t&eacute;.</p>\r\n<p>En vain Hal furieux s&rsquo;&eacute;gosillait-il &agrave; crier : aucun des chiens ne l&rsquo;&eacute;coutait ; son pied se prit dans un des traits et il s&rsquo;abattit &agrave; terre. Tout l&rsquo;attelage lui passa sur le corps. Et les chiens continu&egrave;rent leur course, ajoutant &agrave; la gaiet&eacute; de Skagway en semant, dans la grande rue, le reste de leur chargement.</p>\r\n<p>De charitables citoyens arr&ecirc;t&egrave;rent enfin l&rsquo;attelage emball&eacute; et ramass&egrave;rent les objets &eacute;pars, tout en prodiguant des conseils aux voyageurs. Il fallait r&eacute;duire le nombre de leurs paquets et augmenter celui de leurs chiens.</p>\r\n<p>Hal, sa s&oelig;ur et son beau-fr&egrave;re, les &eacute;coutant de mauvaise gr&acirc;ce, se d&eacute;cid&egrave;rent enfin &agrave; remettre leur d&eacute;part et &agrave; passer en revue leur &eacute;quipement, pour la plus grande joie des spectateurs.</p>\r\n<p>&ndash; Vous avez l&agrave; assez de couvertures pour monter un h&ocirc;tel, leur disait-on. Laissez-en les trois quarts et vous en aurez encore trop&hellip; Et tous ces plats qui ne seront certainement jamais lav&eacute;s !&hellip; Grand Dieu, vous figurez-vous voyager dans un train de luxe !</p>\r\n<p>Merc&eacute;d&egrave;s fondit en larmes quand il fallut proc&eacute;der au choix des v&ecirc;tements &agrave; garder.</p>\r\n<p>Elle protesta qu&rsquo;elle ne ferait plus un pas si on la privait de ses robes. Mais irrit&eacute;e par les railleries des spectateurs elle finit, dans son d&eacute;pit, par rejeter m&ecirc;me les v&ecirc;tements indispensables, non seulement pour elle, mais pour les hommes.</p>\r\n<p>Quand on eut fini le triage, malgr&eacute; la multitude des objets &eacute;cart&eacute;s, les bagages formaient encore une masse imposante.</p>\r\n<p>Charles et Hal se d&eacute;cid&egrave;rent &agrave; acqu&eacute;rir six chiens de renfort, ce qui, ajout&eacute; &agrave; l&rsquo;attelage primitif augment&eacute; des deux indig&egrave;nes, Teek et Koona achet&eacute;s aux Rapides, forma un ensemble de quatorze b&ecirc;tes. Mais les chiens surnum&eacute;raires, quoique dress&eacute;s depuis leur arriv&eacute;e dans le pays, n&rsquo;&eacute;taient pas bons &agrave; grand-chose. Il y avait trois pointers &agrave; poil court, un terre-neuve et deux m&eacute;tis de race non d&eacute;finie ; et aucun d&rsquo;eux ne semblait rien savoir.</p>\r\n<p>Buck, qui les consid&eacute;rait avec m&eacute;pris, ne put r&eacute;ussir &agrave; leur apprendre leur m&eacute;tier ; ils paraissaient ahuris et d&eacute;prim&eacute;s par les mauvais traitements. Les m&eacute;tis n&rsquo;avaient aucune volont&eacute; ; leurs os semblaient &ecirc;tre les seules parties r&eacute;sistantes de leurs individus.</p>\r\n<p>Il n&rsquo;y avait rien de bon &agrave; attendre de ces nouveaux venus dans le marasme, adjoints &agrave; un attelage &eacute;reint&eacute; par deux mille cinq cents miles de route ininterrompue. Les deux hommes se montraient pourtant fort gais et s&rsquo;enorgueillissaient de leurs quatorze chiens, car on voyait bien des tra&icirc;neaux partir pour Dawson ou en revenir, mais aucun n&rsquo;avait une &eacute;quipe aussi consid&eacute;rable.</p>\r\n<p>S&rsquo;ils s&rsquo;&eacute;taient dout&eacute;s de ce qu&rsquo;est un voyage arctique, ils auraient compris qu&rsquo;un seul tra&icirc;neau ne pouvant suffire &agrave; porter la nourriture n&eacute;cessaire &agrave; un pareil nombre d&rsquo;animaux, il fallait savoir se r&eacute;duire. Mais comme ils s&rsquo;&eacute;taient livr&eacute;s &agrave; de savants calculs pour &eacute;quilibrer le poids des rations sur la dur&eacute;e probable du voyage, ils se croyaient certains de r&eacute;ussir.</p>\r\n<p>La matin&eacute;e du lendemain &eacute;tait d&eacute;j&agrave; fort avanc&eacute;e lorsque, enfin, le long attelage se mit en marche.</p>\r\n<p>Les b&ecirc;tes ne montraient aucun entrain. Buck, comprenant qu&rsquo;il allait recommencer pour la cinqui&egrave;me fois la route de Dawson, sentait le c&oelig;ur lui manquer ; les nouvelles b&ecirc;tes &eacute;taient timides et &eacute;peur&eacute;es, les anciennes n&rsquo;&eacute;prouvaient aucune confiance envers leurs ma&icirc;tres. En effet, ceux-ci ignoraient tout de leur m&eacute;tier : &agrave; mesure que les jours s&rsquo;&eacute;coulaient, on put s&rsquo;assurer qu&rsquo;ils n&rsquo;en apprendraient rien. N&eacute;gligents et d&eacute;sordonn&eacute;s, sans discipline, il leur fallait la moiti&eacute; de la nuit pour &eacute;tablir leur camp tout de travers ; la plus grande partie de la matin&eacute;e se passait ensuite &agrave; lever ce camp et &agrave; charger leur tra&icirc;neau, avec si peu d&rsquo;habilet&eacute; qu&rsquo;on devait s&rsquo;arr&ecirc;ter sans cesse, en cours de route, pour rajuster les ballots et les cordes. Certains jours, l&rsquo;on faisait &agrave; peine dix miles. D&rsquo;autres fois m&ecirc;me, on n&rsquo;arrivait pas &agrave; se mettre en route. Et comme, en aucun cas, ils ne r&eacute;ussirent &agrave; accomplir seulement la moiti&eacute; de la distance sur laquelle ils s&rsquo;&eacute;taient bas&eacute;s pour faire des provisions, les vivres devaient fatalement se trouver &eacute;puis&eacute;s avant la fin du voyage.</p>\r\n<p>Ce r&eacute;sultat fut d&rsquo;ailleurs avanc&eacute; par la faute de Hal ; voyant que les chiens manquaient de force, il jugea que cela tenait &agrave; la ration trop faible, et la doubla. (Pour comble d&rsquo;impr&eacute;voyance, Merc&eacute;d&egrave;s volait tous les jours du poisson dans les sacs pour le donner en cachette &agrave; ses favoris.) Les chiens nouveaux, dont l&rsquo;estomac ne demandait pas une alimentation abondante, habitu&eacute;s qu&rsquo;ils &eacute;taient &agrave; un je&ucirc;ne chronique, firent preuve cependant d&rsquo;une grande voracit&eacute; ; les autres jouissaient d&rsquo;un bel app&eacute;tit ; de sorte qu&rsquo;au bout de peu de jours, la famine mena&ccedil;a.</p>\r\n<p>Hal s&rsquo;aper&ccedil;ut au quart de la route que plus de la moiti&eacute; des provisions avait disparu ; et dans l&rsquo;impossibilit&eacute; absolue de s&rsquo;en procurer de nouvelles, il diminua brusquement la ration journali&egrave;re, tout en proclamant la n&eacute;cessit&eacute; d&rsquo;allonger les heures de marche.</p>\r\n<p>Ses compagnons l&rsquo;approuvaient en principe. Mais comme ils refusaient de rien faire pour l&rsquo;aider, le projet tomba &agrave; vau-l&rsquo;eau. Rien de plus facile assur&eacute;ment que de priver les chiens de nourriture. Mais comment avancer plus vite, alors que pas une seule fois les voyageurs ne surent se d&eacute;cider &agrave; partir une minute plus t&ocirc;t que d&rsquo;habitude.</p>\r\n<p>Les souffrances des b&ecirc;tes devinrent cruelles. Dub fut le premier &agrave; dispara&icirc;tre : pauvre larron maladroit, toujours pinc&eacute; et toujours puni, il s&rsquo;&eacute;tait n&eacute;anmoins montr&eacute; serviteur fid&egrave;le. Sa blessure &agrave; l&rsquo;omoplate, n&eacute;glig&eacute;e, s&rsquo;enflamma, et Hal dut se d&eacute;cider &agrave; l&rsquo;achever avec son revolver. Le terre-neuve mourut ensuite, puis les trois pointers ; les deux m&eacute;tis r&eacute;sist&egrave;rent un peu plus longtemps, mais ils finirent par succomber &agrave; leur tour.</p>\r\n<p>Et les voyageurs, aigris par l&rsquo;infortune, perdaient peu &agrave; peu toute ombre d&rsquo;am&eacute;nit&eacute; ou de douceur. Le voyage arctique, d&eacute;pouill&eacute; de son charme imaginaire, devenait pour eux une r&eacute;alit&eacute; trop rude. Ils manquaient totalement de cette merveilleuse patience propre aux hommes de ces climats, qui, tout en peinant dur, et en souffrant, cruellement, savent rester compatissants et doux. Merc&eacute;d&egrave;s cessa de plaindre les chiens pour pleurer sur elle-m&ecirc;me, et se disputer avec son fr&egrave;re et son mari qui se chamaillaient toutes les fois qu&rsquo;elle leur en laissait l&rsquo;occasion. Chacun croyait bonnement se donner cent fois plus de peine que les autres, et ne perdait aucune occasion de se glorifier tout haut.</p>\r\n<p>Merc&eacute;d&egrave;s, elle, avait un grief personnel : jolie, s&eacute;duisante et d&eacute;licate elle s&rsquo;&eacute;tait vue toute sa vie traiter avec douceur et indulgence. Mais aujourd&rsquo;hui son mari et son fr&egrave;re, exasp&eacute;r&eacute;s de sa paresse et de son incurie, se montraient rudes et grossiers envers elle. De sorte qu&rsquo;absorb&eacute;e par la piti&eacute; pour son propre sort, elle perdit toute compassion pour les chiens ; et comme elle se sentait lasse et courbatur&eacute;e, elle s&rsquo;ent&ecirc;tait &agrave; se faire tra&icirc;ner sur le tra&icirc;neau, ajoutant ainsi cent vingt livres au poids formidable du chargement.</p>\r\n<p>Lorsque les malheureuses b&ecirc;tes tombaient de fatigue dans les traits, Charles et Hal la conjuraient de marcher ; mais elle ne r&eacute;pondait que par des larmes &agrave; leurs raisonnements, prenant le ciel &agrave; t&eacute;moin de leur cruaut&eacute;.</p>\r\n<p>Un jour, l&rsquo;enlevant de force du tra&icirc;neau, ils la d&eacute;pos&egrave;rent &agrave; terre ; elle s&rsquo;assit sur la neige et refusa de bouger. Ils firent mine de continuer leur route, mais force leur fut, trois miles plus loin, de d&eacute;charger le tra&icirc;neau pour revenir la prendre et l&rsquo;y placer. Jamais ils ne renouvel&egrave;rent cette exp&eacute;rience.</p>\r\n<p>D&rsquo;ailleurs, l&rsquo;exc&egrave;s de leur propre mis&egrave;re rendait ces malheureux insensibles aux souffrances de leurs b&ecirc;tes.</p>\r\n<p>Aux Five-Fingers, la provende des chiens &eacute;tant d&eacute;finitivement &eacute;puis&eacute;e, on obtint d&rsquo;une vieille Indienne quelques livres de cuir de cheval congel&eacute;, en &eacute;change du revolver qui se balan&ccedil;ait &agrave; la ceinture de Hal, tenant fid&egrave;le compagnie au grand couteau de chasse. Mais ce fut une nourriture pauvre et indigeste que ce cuir, lev&eacute; depuis six mois sur la carcasse d&rsquo;un animal mort de faim.</p>\r\n<p>Buck, &agrave; la t&ecirc;te de l&rsquo;attelage, croyait marcher en un affreux cauchemar. Il tirait tant qu&rsquo;il le pouvait, et lorsque ses forces &eacute;taient &eacute;puis&eacute;es, il se laissait tomber sur le sol et ne se relevait que sous une gr&ecirc;le de coups de fouet ou de b&acirc;ton. Sa belle fourrure avait perdu tout son lustre et sa souplesse ; le poil tra&icirc;nait dans la boue, emm&ecirc;l&eacute; et durci par le sang coagul&eacute;, et sa peau flottait en plis vides et lamentables. Ses camarades &eacute;taient dans le m&ecirc;me &eacute;tat, squelettes ambulants, r&eacute;duits au nombre de sept, insensibles &agrave; la morsure du fouet ou aux contusions du b&acirc;ton. Aux arr&ecirc;ts, ils se laissaient tomber dans les traits, comme morts, et la petite &eacute;tincelle de vie qui tremblait encore en eux p&acirc;lissait et semblait pr&egrave;s de s&rsquo;&eacute;teindre. Elle se ravivait sous le b&acirc;ton et le fouet : les malheureux se relevaient alors en chancelant pour se tra&icirc;ner un peu plus loin.</p>\r\n<p>Billee, le bon caract&egrave;re, tomba un jour pour ne plus se relever ; Hal ayant c&eacute;d&eacute; son revolver dut prendre sa hache pour l&rsquo;achever d&rsquo;un coup sur la t&ecirc;te, puis il d&eacute;fit les traits et jeta la carcasse de c&ocirc;t&eacute;.</p>\r\n<p>Et Buck et ses camarades, voyant cette chose, comprirent combien elle les touchait de pr&egrave;s.</p>\r\n<p>Le jour suivant, ce fut Roona, dont la mort r&eacute;duisit encore le triste attelage. Les cinq survivants &eacute;taient : Joe, trop &eacute;puis&eacute; pour se montrer grincheux ; Pike, estropi&eacute; et boiteux, sans force m&ecirc;me pour geindre ; Sol-leck, le borgne, fid&egrave;le au travail du trait, le c&oelig;ur bris&eacute; de se sentir faible et impuissant ; Teek, d&rsquo;autant plus &eacute;puis&eacute; qu&rsquo;il s&rsquo;&eacute;tait moins entra&icirc;n&eacute; pendant l&rsquo;hiver pr&eacute;c&eacute;dent ; et enfin Buck, qui n&rsquo;&eacute;tait plus que l&rsquo;ombre de lui-m&ecirc;me. Il gardait sa place en t&ecirc;te de l&rsquo;attelage, mais il avait renonc&eacute; &agrave; y maintenir la discipline ; aveugl&eacute; par la fatigue, il ne se dirigeait plus qu&rsquo;en se fiant &agrave; la sensation du sol sous ses pattes.</p>\r\n<p>Le printemps commen&ccedil;ait, mais ni les hommes ni les chiens ne s&rsquo;en apercevaient. L&rsquo;aube pointait d&egrave;s trois heures du matin, et le cr&eacute;puscule durait jusqu&rsquo;&agrave; neuf heures du soir. La journ&eacute;e enti&egrave;re n&rsquo;&eacute;tait qu&rsquo;un rayon de soleil. Le sommeil de l&rsquo;hiver avait c&eacute;d&eacute; sa place au murmure printanier de la nature, fr&eacute;missant de la joie de vivre. La s&egrave;ve montait dans les pins, tandis qu&rsquo;&eacute;clataient les bourgeons du saule et du tremble, et que buissons et lianes se paraient d&rsquo;une jeune verdure. La nuit, les grillons chantaient, et le jour, toutes sortes de gentilles bestioles sortaient de leurs petits antres pour s&rsquo;&eacute;battre au soleil. Les perdrix couraient dans la plaine ; les oiseaux et les piverts chantaient et tapaient dans la for&ecirc;t et tout en haut le gibier d&rsquo;eau arrivait du Sud, d&eacute;crivant d&rsquo;immenses cercles dans l&rsquo;espace. La chanson de l&rsquo;eau courante et la musique des fontaines reparues descendaient des collines. Le Yukon rongeait sa prison de glace dont le soleil amincissait la surface sem&eacute;e de poches d&rsquo;air et sillonn&eacute;e de fissures qui allaient s&rsquo;&eacute;largissant jusqu&rsquo;au lit m&ecirc;me de la rivi&egrave;re. Et devant la gr&acirc;ce du renouveau sous les rayons du soleil, parmi les brises embaum&eacute;es, la troupe lamentable se tra&icirc;nait en g&eacute;missant, pareille &agrave; une caravane de mort&hellip;</p>\r\n<p>Les b&ecirc;tes fourbues, Merc&eacute;d&egrave;s dolente sur son tra&icirc;neau, Hal jurant copieusement, Charles larmoyant atteignirent enfin le camp d&rsquo;un certain John Thornton, situ&eacute; &agrave; l&rsquo;embouchure de White-River. &Agrave; l&rsquo;arr&ecirc;t, les chiens se laiss&egrave;rent tomber, comme morts, Merc&eacute;d&egrave;s s&eacute;cha ses yeux pour les fixer sur Thornton, et Charles avisa un tronc d&rsquo;arbre sur lequel il s&rsquo;assit avec pr&eacute;caution, car chacun de ses os &eacute;tait douloureux, tandis que Hal portait la parole.</p>\r\n<p>John Thornton achevait de peler une branche de bouleau pour en faire un manche de hache ; il continua son travail, ne r&eacute;pondant &agrave; son interlocuteur que par quelques monosyllabes, car il connaissait par exp&eacute;rience cette race de voyageurs, et savait que ses conseils ne serviraient pas &agrave; grand-chose. Cependant, pour l&rsquo;acquit de sa conscience, il engagea Hal &agrave; se m&eacute;fier de la glace pourrie et rong&eacute;e en dessous. Sur quoi celui-ci de d&eacute;clarer qu&rsquo;on l&rsquo;avait d&eacute;j&agrave; pr&eacute;venu que la d&eacute;b&acirc;cle &eacute;tait proche et qu&rsquo;il valait mieux attendre.</p>\r\n<p>&ndash; Mais, ajouta-t-il, d&rsquo;un air triomphant, on nous disait aussi que nous n&rsquo;arriverions pas &agrave; White-River et nous y voici tout de m&ecirc;me !</p>\r\n<p>&ndash; On ne vous a pourtant pas avertis sans raison, reprit John Thornton. La glace est &agrave; la veille de dispara&icirc;tre, et il faudrait avoir une chance de pendu pour effectuer le passage. Pour moi, je ne risquerais pas ma peau sur cette glace, quand on me promettrait tout l&rsquo;or de l&rsquo;Alaska !&hellip;</p>\r\n<p>&ndash; C&rsquo;est probablement que vous n&rsquo;&ecirc;tes pas destin&eacute; &agrave; p&eacute;rir par la corde, fit Hal. Mais nous, nous voulons arriver &agrave; Dawson, et nous y arriverons, quand le diable y serait !&hellip;</p>\r\n<p>Et d&eacute;roulant son fouet :</p>\r\n<p>&ndash; Allons, Buck !&hellip; Debout !&hellip; En route ! cria-t-il. Vas-tu ob&eacute;ir, grand paresseux ?&hellip;</p>\r\n<p>Thornton continua son travail sans r&eacute;pliquer.</p>\r\n<p>Les chiens n&rsquo;avaient pas ob&eacute;i au commandement ; depuis longtemps les coups seuls parvenaient &agrave; les faire lever. Le fouet commen&ccedil;a &agrave; cingler, de-ci de-l&agrave;, se tordant comme une vip&egrave;re, tandis que Thornton serrait les l&egrave;vres. Sol-leck, le premier, se remit p&eacute;niblement debout ; Teek le suivit ; Joe vint ensuite, tout en hurlant de douleur. Pike fit de p&eacute;nibles efforts pour se relever ; apr&egrave;s &ecirc;tre retomb&eacute; deux fois, il r&eacute;ussit, la troisi&egrave;me, &agrave; se tenir sur ses pattes. Seul Buck demeurait immobile, &eacute;tendu &agrave; la place o&ugrave; il s&rsquo;&eacute;tait affal&eacute;, insensible en apparence au fouet cruel qui le cinglait sans merci. &Agrave; plusieurs reprises, Thornton, les yeux humides, essaya de parler, puis il se leva, nerveux, et fit quelques pas de long en large.</p>\r\n<p>Pour la premi&egrave;re fois Buck manquait &agrave; son devoir, &ndash; raison suffisante pour exasp&eacute;rer Hal. Il &eacute;changea son fouet contre un fort gourdin ; mais Buck refusa de bouger, malgr&eacute; la gr&ecirc;le de coups qui s&rsquo;abattait sur lui. Outre qu&rsquo;il &eacute;tait &agrave; peu pr&egrave;s incapable de se lever, son instinct pressentait confus&eacute;ment une catastrophe prochaine. Le mauvais &eacute;tat de la glace craquante et amincie qu&rsquo;il avait foul&eacute;e tout le jour, lui faisait redouter cette rivi&egrave;re o&ugrave; son ma&icirc;tre voulait le pousser. D&rsquo;ailleurs sa faiblesse &eacute;tait telle qu&rsquo;il sentait &agrave; peine les coups ; et cette correction sauvage allait achever d&rsquo;&eacute;teindre la petite &eacute;tincelle de vie subsistant encore en son mis&eacute;rable corps. Tout &agrave; coup, John Thornton, d&rsquo;un bond, s&rsquo;&eacute;lan&ccedil;a sur l&rsquo;homme, lui arracha le b&acirc;ton, et le fit violemment reculer en arri&egrave;re ; Merc&eacute;d&egrave;s poussa un cri, et Charles, sans bouger (il &eacute;tait &agrave; demi ankylos&eacute;), essuya ses yeux larmoyants. Debout pr&egrave;s de Buck &eacute;tendu, son d&eacute;fenseur, furieux, essayait vainement de parler.</p>\r\n<p>&ndash; Si vous touchez encore &agrave; ce chien, je vous tue ! parvint-il &agrave; dire enfin, d&rsquo;une voix &eacute;trangl&eacute;e.</p>\r\n<p>&ndash; Il est &agrave; moi, r&eacute;pliqua Hal, essuyant le sang qui coulait de son nez et de sa bouche. Il faut qu&rsquo;il nous m&egrave;ne &agrave; Dawson ou qu&rsquo;il dise pourquoi !&hellip; Arri&egrave;re, ou je vous fais votre affaire !&hellip;</p>\r\n<p>Voyant que Thornton ne faisait pas mine de reculer, Hal saisi son couteau de chasse. &Agrave; cette vue, Merc&eacute;d&egrave;s poussa des cris per&ccedil;ants et se pr&eacute;para, en tombant dans les bras de son fr&egrave;re, &agrave; donner le spectacle d&rsquo;une attaque de nerfs en r&egrave;gle. Mais Thornton, d&rsquo;un coup sec, fit sauter l&rsquo;arme, et la ramassant, se mit d&eacute;lib&eacute;r&eacute;ment &agrave; couper les traits de Buck avec la lame bien affil&eacute;e.</p>\r\n<p>Hal, embarrass&eacute; de sa s&oelig;ur et n&rsquo;ayant plus de force pour r&eacute;sister, jugeant d&rsquo;ailleurs que Buck &eacute;tait trop pr&egrave;s de sa fin pour lui &ecirc;tre encore de quelque utilit&eacute;, renon&ccedil;a &agrave; faire valoir ses droits sur le chien, et le laissant &eacute;tendu &agrave; la m&ecirc;me place, s&rsquo;&eacute;loigna avec ses compagnons. Quelques minutes plus tard, ils quittaient la berge pour s&rsquo;engager sur la rivi&egrave;re, Pike en t&ecirc;te, Sol-leck aux brancards, Joe et Teek entre eux ; Merc&eacute;d&egrave;s &eacute;tait sur le tra&icirc;neau, Hal &agrave; la barre, et Charles suivait p&eacute;niblement derri&egrave;re.</p>\r\n<p>Tandis que Buck, qui avait relev&eacute; la t&ecirc;te en entendant partir ses camarades, les suivait du regard, Thornton s&rsquo;agenouillait pr&egrave;s de lui, et de sa main rude, plus douce en ce moment que celle d&rsquo;une m&egrave;re, il chercha si la b&ecirc;te avait quelque os cass&eacute;.</p>\r\n<p>Il ne put d&eacute;couvrir que des contusions nombreuses, plus un pitoyable &eacute;tat de maigreur et de faiblesse.</p>\r\n<p>Pendant ce temps, le tra&icirc;neau avan&ccedil;ait lentement sur la glace ; il avait fait un quart de mile lorsque l&rsquo;homme et le chien qui le suivaient des yeux virent tout &agrave; coup l&rsquo;arri&egrave;re s&rsquo;enfoncer comme dans une orni&egrave;re profonde, et la barre, que Hal tenait toujours, se projeter dans les airs.</p>\r\n<p>Le cri de Merc&eacute;d&egrave;s parvint jusqu&rsquo;&agrave; eux, Charles bondit pour revenir en arri&egrave;re ; mais une &eacute;norme section de glace s&rsquo;enfon&ccedil;a ; b&ecirc;tes et gens disparurent avec l&rsquo;attelage dans un trou b&eacute;ant et profond : la glace s&rsquo;&eacute;tait rompue sous leur poids.</p>\r\n<p>John Thornton et Buck se regard&egrave;rent :</p>\r\n<p>&ndash; Pauvre diable ! dit Thornton.</p>\r\n<p>Et Buck lui l&eacute;cha la main.</p>', '2018-11-08 17:58:22', 1),
(18, 5, 'Amitié', '<p>Au mois de d&eacute;cembre pr&eacute;c&eacute;dent, John Thornton, ayant eu les pieds gel&eacute;s, s&rsquo;&eacute;tait vu forc&eacute; de demeurer au camp, attendant sa gu&eacute;rison, tandis que ses camarades remontaient le fleuve afin de construire un radeau charg&eacute; de bois &agrave; destination de Dawson. Il boitait encore un peu, mais le temps chaud fit dispara&icirc;tre cette l&eacute;g&egrave;re infirmit&eacute; ; tandis que Buck, mollement &eacute;tendu au soleil, retrouvait par degr&eacute;s sa force perdue en &eacute;coutant l&rsquo;eau couler, les oiseaux jaser et tous les bruits harmonieux du printemps, accompagn&eacute;s du murmure profond de la for&ecirc;t s&eacute;culaire qui bornait l&rsquo;horizon au loin.</p>\r\n<p>Un peu de repos est chose l&eacute;gitime apr&egrave;s un voyage de trois mille lieues, et il faut confesser que notre chien s&rsquo;adonna pleinement aux douceurs de la paresse pendant ce temps de convalescence. D&rsquo;ailleurs, autour de lui, chacun en faisait autant. John Thornton fl&acirc;nait, Skeet et Nig fl&acirc;naient &ndash; en attendant que sonn&acirc;t l&rsquo;heure de donner un coup de collier.</p>', '2018-11-09 08:33:40', 1);
INSERT INTO `bl_posts` (`id`, `no`, `title`, `content`, `creation_date`, `published`) VALUES
(19, 6, 'L\'appel résonne', '<p>John Thornton ayant, gr&acirc;ce &agrave; Buck, gagn&eacute; six cents dollars en cinq minutes, se trouva en mesure de payer certaines dettes g&ecirc;nantes, et de r&eacute;aliser un projet depuis longtemps caress&eacute; avec ses camarades. Il s&rsquo;agissait d&rsquo;un voyage dans l&rsquo;Est, &agrave; la recherche d&rsquo;une mine fabuleuse dont le souvenir remontait aux origines m&ecirc;mes de l&rsquo;histoire du pays.</p>\r\n<p>Bien des aventuriers &eacute;taient partis &agrave; sa recherche ; peu &eacute;taient revenus ; des milliers avaient disparu sans laisser de trace. L&rsquo;histoire de cette mine eut &eacute;t&eacute; f&eacute;conde en trag&eacute;dies myst&eacute;rieuses. On ignorait le nom du premier qui l&rsquo;avait d&eacute;couverte. Rien de pr&eacute;cis ne se racontait, &agrave; vrai dire ; mais on pr&eacute;tendait que l&rsquo;emplacement en &eacute;tait marqu&eacute; par une cabane en ruine.</p>\r\n<p>Ceux qui revenaient &eacute;puis&eacute;s et mourants l&rsquo;avaient d&eacute;crite, montrant &agrave; l&rsquo;appui de leurs dires des p&eacute;pites d&rsquo;or d&rsquo;une grosseur surprenante telle que les autres n&rsquo;en avaient jamais vu.</p>\r\n<p>Personne ne s&rsquo;attribuant la possession de ces tr&eacute;sors, que les morts ne r&eacute;clameraient plus, John Thornton, Hans et Peter, accompagn&eacute;s de Buck et d&rsquo;une demi-douzaine d&rsquo;autres chiens, se dirig&egrave;rent vers l&rsquo;est, cherchant sur une piste inconnue des richesses peut-&ecirc;tre chim&eacute;riques.</p>\r\n<p>Ayant remont&eacute; en tra&icirc;neau, pendant soixante-dix miles, le Yukon glac&eacute;, ils tourn&egrave;rent dans la rivi&egrave;re Stewart, pass&egrave;rent le Mayo et le Mac-Question, et continuant leur route jusqu&rsquo;&agrave; la source du Stewart, ils gravirent des pics qui semblaient l&rsquo;&eacute;pine dorsale m&ecirc;me du continent.</p>\r\n<p>John Thornton, au cours de ses exp&eacute;ditions, comptait peu sur l&rsquo;homme, mais beaucoup sur la nature, et ne redoutait aucune solitude. Avec une poign&eacute;e de sel et un rifle, il pouvait s&rsquo;enfoncer dans les pays les plus sauvages, et se tirer d&rsquo;affaire aussi facilement qu&rsquo;il lui plaisait. N&rsquo;&eacute;tant jamais press&eacute; par le temps, il chassait sa nourriture, &agrave; l&rsquo;instar des Indiens, tout en marchant ; si le gibier manquait, il poursuivait son chemin sans se troubler, s&ucirc;r d&rsquo;en retrouver t&ocirc;t ou tard. L&rsquo;ordinaire, pendant ces longs voyages, devant &ecirc;tre la viande fra&icirc;che, les munitions et les outils constituaient la principale charge du tra&icirc;neau.</p>\r\n<p>Ce fut, pour Buck, un temps de liesse et de joie perp&eacute;tuelle que cette vie de chasse, de p&ecirc;che, de vagabondage infini dans des pays inconnus.</p>\r\n<p>Pendant des semaines enti&egrave;res, on marchait du matin au soir ; pendant d&rsquo;autres, au contraire, on semblait vouloir prendre racine en quelque lieu solitaire, on dressait le camp ; les chiens fl&acirc;naient, et les hommes, pratiquant des trous dans la terre ou le gravier gel&eacute;, lavaient pr&egrave;s du feu de grandes &eacute;cuelles de boue dor&eacute;e. Tant&ocirc;t on avait faim, tant&ocirc;t on faisait bonne ch&egrave;re, suivant les hasards de la chasse et les caprices du gibier.</p>\r\n<p>L&rsquo;&eacute;t&eacute; arriva ; alors hommes et chiens travers&egrave;rent en radeau les lacs bleus des montagnes, remont&egrave;rent ou descendirent des rivi&egrave;res inconnues, sur de fr&ecirc;les barques taill&eacute;es dans les arbres des for&ecirc;ts environnantes. Les mois passaient, tandis qu&rsquo;ils erraient ainsi dans la vaste &eacute;tendue dont nulle main n&rsquo;avait trac&eacute; la carte pour les guider, mais que des pas humains avaient foul&eacute;e jadis, si la tradition disait vrai.</p>\r\n<p>Ils subirent de violents orages, tourmentes de neige en plein &eacute;t&eacute;, vents cinglants, &eacute;clairs aveuglants ; souvent ils virent tomber la foudre &agrave; leurs c&ocirc;t&eacute;s ; ils frissonn&egrave;rent au soleil de minuit sur les hautes cimes, &agrave; la limite des neiges &eacute;ternelles ; redescendirent dans les chaudes vall&eacute;es infest&eacute;es de moustiques ; cueillirent &agrave; l&rsquo;ombre des glaciers des fruits comparables aux plus beaux de ceux qu&rsquo;on go&ucirc;te dans le Sud.</p>\r\n<p>Vers la fin de l&rsquo;ann&eacute;e, les voyageurs p&eacute;n&eacute;tr&egrave;rent dans une r&eacute;gion triste et fantastique, coup&eacute;e de lacs, o&ugrave; le gibier d&rsquo;eau avait v&eacute;cu, mais dont le silence n&rsquo;&eacute;tait plus troubl&eacute; que par le souffle glac&eacute; du vent et le brisement m&eacute;lancolique des vagues sur des gr&egrave;ves solitaires.</p>\r\n<p>Pendant tout un hiver encore, les explorateurs suivirent les traces &agrave; demi effac&eacute;es de ceux qui les avaient pr&eacute;c&eacute;d&eacute;s. Ce fut d&rsquo;abord une voie pratiqu&eacute;e dans la for&ecirc;t, et qui semblait devoir aboutir &agrave; la cabane perdue ; mais cette route, sans commencement et sans but, demeura myst&eacute;rieuse comme la destin&eacute;e et la pens&eacute;e de celui qui l&rsquo;avait trac&eacute;e.</p>\r\n<p>Une autre fois, ils d&eacute;couvrirent une hutte de chasseur, et parmi des lambeaux de couvertures pourries, Thornton d&eacute;nicha un fusil &agrave; pierre datant des premi&egrave;res ann&eacute;es de la Compagnie de la baie d&rsquo;Hudson. Aucune autre trace de l&rsquo;homme inconnu qui avait b&acirc;ti cet abri et respir&eacute; en ce lieu &agrave; cette &eacute;poque lointaine.</p>\r\n<p>Le retour du printemps mit un terme &agrave; ces vagabondages, car les aventuriers d&eacute;couvrirent non point, il est vrai, la cabane perdue, mais, dans le creux d&rsquo;une large vall&eacute;e, un placer profond, dont l&rsquo;or reluisait comme du beurre jaune au fond des tamis &agrave; laver.</p>\r\n<p>Ils ne cherch&egrave;rent pas plus loin, car chaque jour de travail leur rapportait des milliers de dollars en poudre ou en p&eacute;pites. On fabriqua des sacs en peau d&rsquo;&eacute;lan, dans lesquels cet or fut renferm&eacute; par tas de cinquante livres.</p>\r\n<p>Les jours passaient rapidement &agrave; ce travail formidable. Les chiens n&rsquo;avaient rien &agrave; faire que de rapporter au camp de temps &agrave; autre le gibier tu&eacute; par Thornton, et en cette p&eacute;riode, Buck passa de longues heures &agrave; r&ecirc;ver au coin du feu &agrave; ces choses primitives dont il avait la confuse nostalgie.</p>\r\n<p>Alors, aux visions troubles des &eacute;poques lointaines, venait se joindre l&rsquo;appel qui r&eacute;sonnait au fond de la for&ecirc;t, &eacute;veillant en lui une foule de d&eacute;sirs ind&eacute;finissables et d&rsquo;&eacute;tranges sensations. M&ucirc; par un pouvoir plus fort que sa volont&eacute;, il partait en qu&ecirc;te, cherchant obscur&eacute;ment &agrave; d&eacute;couvrir l&rsquo;origine de l&rsquo;&eacute;cho qui r&eacute;sonnait en lui. Errant dans la for&ecirc;t, il humait avec ivresse la senteur de la mousse fra&icirc;che et des herbes longues couvrant le sol noir, parmi l&rsquo;humus s&eacute;culaire ; et ces odeurs salubres le remplissaient d&rsquo;une joie myst&eacute;rieuse d&eacute;j&agrave; ressentie, lui semblait-il.</p>\r\n<p>Alors le souvenir de l&rsquo;Homme aux longs bras, couvert de poils, qu&rsquo;il suivait jadis, lui revenait plus vif ; il s&rsquo;attendait presque &agrave; le trouver, au d&eacute;tour du sentier marqu&eacute; dans les taillis par le passage fr&eacute;quent des b&ecirc;tes sauvages, et il qu&ecirc;tait plus ardemment-Parfois, il demeurait des journ&eacute;es enti&egrave;res blotti derri&egrave;re un tronc d&rsquo;arbre, guettant patiemment, avec une inlassable curiosit&eacute;, tout ce qui bougeait autour de lui, le mouvement des multiples petites vies abrit&eacute;es par les grands arbres, insectes ou bestioles au poil fauve.</p>\r\n<p>Puis il rentrait au camp et s&rsquo;&eacute;tendait de nouveau pr&egrave;s du feu pour r&ecirc;ver.</p>\r\n<p>Mais soudain, il levait la t&ecirc;te, dressait les oreilles, &eacute;coutait, plein d&rsquo;attention. Ob&eacute;issant &agrave; l&rsquo;appel entendu de lui seul, il bondissait sur ses pieds et filait droit devant soi, pendant des heures, sous les vo&ucirc;tes fra&icirc;ches de la for&ecirc;t, au fond du lit dess&eacute;ch&eacute; des torrents, dans les grands espaces d&eacute;couverts et fleuris. Mais, par-dessus tout, il se plaisait &agrave; courir ainsi dans la p&eacute;nombre odorante des nuits d&rsquo;&eacute;t&eacute;, alors que la for&ecirc;t murmure dans son sommeil, et que ce qu&rsquo;elle dit est clair comme une parole articul&eacute;e. &Agrave; cette heure, plus profond, plus myst&eacute;rieux, plus proche aussi, r&eacute;sonnait l&rsquo;Appel &ndash; la Voix qui incessamment l&rsquo;attirait, du fond m&ecirc;me de la nature.</p>\r\n<p>Une nuit, il fut r&eacute;veill&eacute; tout &agrave; coup en sursaut : alerte, les yeux brillants, les narines fr&eacute;missantes, le poil h&eacute;riss&eacute; en vagues&hellip; L&rsquo;Appel se faisait entendre, et tout pr&egrave;s cette fois. Jamais il ne l&rsquo;avait distingu&eacute; si clair et si net. Cela ressemblait au long hurlement du chien indig&egrave;ne.</p>\r\n<p>Et, dans ce cri familier, il reconnut cette Voix, entendue jadis, qu&rsquo;il cherchait depuis des semaines, et des mois&hellip;</p>\r\n<p>Traversant, rapide et silencieux comme une ombre, le camp endormi, il s&rsquo;&eacute;lan&ccedil;a sous bois. Mais comme il se rapprochait de l&rsquo;&Ecirc;tre qui l&rsquo;appelait, il ralentit par degr&eacute;s son allure et s&rsquo;avan&ccedil;a, prudent et rus&eacute;.</p>\r\n<p>Et tout &agrave; coup, au c&oelig;ur d&rsquo;une clairi&egrave;re, il vit, assis sur ses hanches et hurlant &agrave; la lune, un loup de for&ecirc;t, long, gris et maigre.</p>\r\n<p>Bien que le chien n&rsquo;e&ucirc;t fait aucun bruit, la b&ecirc;te l&rsquo;&eacute;venta et cessa soudain son chant. Buck s&rsquo;avan&ccedil;a, la queue droite, les oreilles hautes, pr&ecirc;t &agrave; bondir. Pourtant tout dans son allure marquait, en m&ecirc;me temps que la menace, le d&eacute;sir de faire amiti&eacute;. Mais le fauve, sourd &agrave; ces avances, prit soudain la fuite.</p>\r\n<p>Buck le suivit &agrave; grands bonds, plein d&rsquo;un d&eacute;sir fou de l&rsquo;atteindre. Longtemps ils coururent, presque c&ocirc;te &agrave; c&ocirc;te. Enfin, le loup s&rsquo;engagea dans le lit dess&eacute;ch&eacute; d&rsquo;un torrent barr&eacute; par un fouillis inextricable de branchages et de bois mort. Alors la b&ecirc;te sauvage, se trouvant accul&eacute;e, fit volte-face par un mouvement familier &agrave; Joe et aux chiens indig&egrave;nes aux abois ; et, grin&ccedil;ant des dents, claquant avec bruit des m&acirc;choires, elle attendit.</p>\r\n<p>Buck, au lieu de l&rsquo;attaquer, tournait autour du loup avec un petit murmure amical, remuant la queue et riant &agrave; belles dents. Mais le loup se m&eacute;fiait, car sa t&ecirc;te arrivait &agrave; peine &agrave; l&rsquo;&eacute;paule du chien, et il avait peur. Et tout &agrave; coup, d&rsquo;un mouvement souple et furtif, il s&rsquo;&eacute;chappa et reprit sa course.</p>\r\n<p>La poursuite recommen&ccedil;a. Encore une fois, le loup faillit &ecirc;tre pris, pour de nouveau s&rsquo;&eacute;chapper et recommencer &agrave; fuir. La b&ecirc;te &eacute;tait en mauvaise condition, sans quoi Buck n&rsquo;aurait pu l&rsquo;&eacute;galer &agrave; la course ; ils couraient presque c&ocirc;te &agrave; c&ocirc;te, jusqu&rsquo;au moment o&ugrave; le loup s&rsquo;arr&ecirc;tait, montrait les dents et recommen&ccedil;ait &agrave; fuir de plus belle.</p>\r\n<p>Enfin, reconnaissant que Buck ne lui voulait pas de mal, la b&ecirc;te s&rsquo;arr&ecirc;ta et laissa le chien lui flairer le museau. Sur quoi ils devinrent amis et se mirent &agrave; jouer ensemble, de cette fa&ccedil;on nerveuse et timide qui semble d&eacute;mentir la f&eacute;rocit&eacute; des b&ecirc;tes sauvages.</p>\r\n<p>Quelques instants plus tard, le loup se remit en marche, d&rsquo;une allure ais&eacute;e, indiquant un but d&eacute;finitif. Il fit comprendre &agrave; Buck qu&rsquo;il devait l&rsquo;accompagner, et, c&ocirc;te &agrave; c&ocirc;te, ils se mirent &agrave; courir dans la p&eacute;nombre. Ils suivirent le lit du torrent &agrave; travers la gorge aride qui lui donnait naissance, et sur le versant oppos&eacute; de la cascade, ils atteignirent une contr&eacute;e de plaines et de for&ecirc;ts &eacute;tendues, que traversaient de nombreux ruisseaux. Ils galop&egrave;rent des heures enti&egrave;res &agrave; travers ces espaces, tandis que le soleil s&rsquo;&eacute;levait sur l&rsquo;horizon.</p>\r\n<p>Buck &eacute;tait infiniment joyeux : il se sentait r&eacute;pondre &agrave; l&rsquo;Appel ; les souvenirs anciens lui revenaient en foule sur cette terre vierge et sous ces cieux immenses, tandis qu&rsquo;il courait aux c&ocirc;t&eacute;s de son fr&egrave;re le fauve.</p>\r\n<p>Mais les deux coureurs s&rsquo;&eacute;tant arr&ecirc;t&eacute;s pour boire &agrave; un clair ruisseau, l&rsquo;onde froide dissipa cette ivresse ; le souvenir de John Thornton &eacute;treignit soudain le c&oelig;ur de Buck. Il s&rsquo;assit brusquement.</p>\r\n<p>Le loup continua sa route, puis revint &agrave; lui, le poussant avec son nez, l&rsquo;encourageant &agrave; le suivre.</p>\r\n<p>Mais Buck retournait lentement sur ses pas, et pendant une heure, son fr&egrave;re sauvage l&rsquo;accompagna, g&eacute;missant doucement. Puis il s&rsquo;assit &agrave; son tour, et, pointant le museau en l&rsquo;air, poussa un long hurlement. Tandis que le chien poursuivait sa route, cette plainte lugubre continua de d&eacute;chirer l&rsquo;air, r&eacute;sonnant longtemps encore dans le lointain. Elle s&rsquo;&eacute;teignit enfin&hellip;</p>\r\n<p>Thornton achevait de d&icirc;ner lorsque Buck tomba dans le camp comme une bombe, sautant sur son ma&icirc;tre, lui l&eacute;chant la figure et les mains, criant de joie, renversant tout sur son passage, dans sa folle expansion de tendresse ; jamais Thornton ne l&rsquo;avait vu si exub&eacute;rant&hellip;</p>\r\n<p>Pendant deux jours et deux nuits, Buck resta au camp, semblant garder son ma&icirc;tre &agrave; vue ; puis l&rsquo;inqui&eacute;tude le reprit ; de nouveau il fut hant&eacute; par le souvenir de cette course &agrave; deux &agrave; travers un pays souriant et sauvage&hellip;</p>\r\n<p>Il se remit &agrave; courir les bois, mais sans pouvoir retrouver son farouche compagnon ; la plainte lugubre ne se faisait plus entendre.</p>\r\n<p>Son orgueilleuse confiance en soi &eacute;clatait dans tous les mouvements du chien et communiquait &agrave; son &ecirc;tre physique une sorte de pl&eacute;nitude gracieuse et terrible.</p>\r\n<p>Il e&ucirc;t sembl&eacute; un loup gigantesque, sans les taches fauves de son museau et de ses yeux, et l&rsquo;&eacute;toile blanche qui marquait son front et sa large poitrine. Par l&rsquo;astuce, il tenait du loup ; par la force et le courage, de son p&egrave;re le chien g&eacute;ant ; par la beaut&eacute; et l&rsquo;intelligence, de sa m&egrave;re la fine colley ; ces qualit&eacute;s, jointes &agrave; une exp&eacute;rience acquise &agrave; la plus dure des &eacute;coles faisaient de lui une cr&eacute;ature superbe et redoutable entre toutes.</p>\r\n<p>&ndash; Jamais on ne vit chien pareil ! r&eacute;p&eacute;tait Thornton avec une juste fiert&eacute;, en le regardant marcher dans le camp, orgueilleux et fort, roi de tout ce qui l&rsquo;entourait.</p>\r\n<p>Nul ne soup&ccedil;onnait la transformation qui s&rsquo;op&eacute;rait en lui aussit&ocirc;t qu&rsquo;il p&eacute;n&eacute;trait dans la solitude de la for&ecirc;t. Il ne marchait plus alors ; il devenait un animal sauvage, silencieux et l&eacute;ger, ombre &agrave; peine entrevue glissant parmi d&rsquo;autres ombres. Il savait tirer parti du moindre abri, se tra&icirc;ner sur le ventre comme un serpent, et comme lui bondir et frapper. Il pouvait saisir la perdrix sur son nid, surprendre le lapin &agrave; son g&icirc;te, et attraper au vol les petits &eacute;cureuils agiles. Toutefois il ne tuait pas par plaisir, mais seulement pour vivre et se nourrir du produit de sa chasse.</p>\r\n<p>Comme l&rsquo;hiver approchait, les &eacute;lans descendaient en grand nombre pour venir passer la saison rigoureuse dans les vall&eacute;es basses et mieux abrit&eacute;es. Buck avait d&eacute;j&agrave; r&eacute;ussi &agrave; prendre un jeune d&rsquo;assez forte taille ; mais il aspirait &agrave; s&rsquo;emparer d&rsquo;une proie plus digne de lui ; cette chance lui &eacute;chut enfin dans un d&eacute;fil&eacute; solitaire.</p>\r\n<p>Une vingtaine de ces animaux, conduits par un vieux chef, descendaient &agrave; petites journ&eacute;es de la r&eacute;gion des bois et des sources. Le chef &eacute;tait une b&ecirc;te d&rsquo;aspect farouche, dominant le sol de six pieds, et dont la t&ecirc;te formidable &eacute;tait orn&eacute;e de bois immenses, portant au moins quatorze andouillers, et mesurant sept pieds d&rsquo;une pointe &agrave; l&rsquo;autre. Ses petits yeux brillaient d&rsquo;une lueur verte et cruelle, et il parut &agrave; Buck lui-m&ecirc;me un adversaire redoutable.</p>\r\n<p>Il mugit de fureur en apercevant le chien ; cette fureur s&rsquo;augmentait sans nul doute de la douleur que lui causait une fl&egrave;che dont le penne lui sortait &agrave; mi-flanc.</p>\r\n<p>Guid&eacute; par l&rsquo;instinct inn&eacute; du chasseur &ndash; h&eacute;rit&eacute; de ses anc&ecirc;tres qui pratiquaient d&eacute;j&agrave; cette tactique aux premiers temps du monde &ndash;, Buck se mit tout d&rsquo;abord en devoir de s&eacute;parer sa proie du reste du troupeau. Ce n&rsquo;&eacute;tait pas l&agrave; une mince besogne, car le vieux m&acirc;le &eacute;tait aussi m&eacute;fiant et rus&eacute; que f&eacute;roce. Le chien dansait en aboyant devant l&rsquo;&eacute;lan, l&rsquo;exasp&eacute;rant par ses clameurs, tout en ayant bien soin de se tenir &agrave; distance respectueuse des andouillers formidables et des terribles pieds plats qui l&rsquo;eussent &eacute;cras&eacute; d&rsquo;une foul&eacute;e.</p>\r\n<p>L&rsquo;animal, furieux, fon&ccedil;ait sur Buck qui feignait de fuir pour l&rsquo;entra&icirc;ner &agrave; sa poursuite. Mais &agrave; peine le vieux faisait-il mine de s&rsquo;&eacute;carter du troupeau, que deux ou trois jeunes &eacute;lans chargeaient le chien &agrave; leur tour, ce qui permettait au chef bless&eacute; de rejoindre le gros de la troupe.</p>\r\n<p>Les b&ecirc;tes sauvages savent d&eacute;ployer une patience ent&ecirc;t&eacute;e, inlassable et tenace comme leur vie m&ecirc;me. Et Buck poss&eacute;dait cette patience tout enti&egrave;re. Il demeurait sur les flancs du troupeau, harcelant les femelles et les petits, enveloppant la troupe d&rsquo;un cercle hostile, rendant l&rsquo;animal bless&eacute; fou de rage impuissante. Cela dura toute la journ&eacute;e. Au coucher du soleil, les jeunes se montraient d&eacute;j&agrave; moins ardents &agrave; venir au secours de leur chef obs&eacute;d&eacute;. L&rsquo;approche de l&rsquo;hiver, obscur&eacute;ment pressenti, les entra&icirc;nait vers des p&acirc;turages mieux abrit&eacute;s, et leur instinct les poussait &agrave; sacrifier une t&ecirc;te unique pour le salut du troupeau entier.</p>\r\n<p>Quand la nuit tomba, le vieux m&acirc;le se tenait la t&ecirc;te basse, regardant s&rsquo;&eacute;loigner les compagnons qu&rsquo;il ne pouvait plus suivre ; les vaches qu&rsquo;il avait prot&eacute;g&eacute;es, les-veaux dont il &eacute;tait le p&egrave;re, les jeunes audacieux qu&rsquo;il avait vaincus, tous disparaissaient, d&rsquo;une allure se faisant toujours plus rapide, dans la lumi&egrave;re expirante du soir.</p>\r\n<p>Il allait terminer sa longue carri&egrave;re de luttes et de victoires sous la dent d&rsquo;un animal dont la t&ecirc;te n&rsquo;arrivait pas &agrave; la hauteur de ses lourds genoux. D&egrave;s cet instant Buck ne l&acirc;cha sa proie ni nuit ni jour, l&rsquo;emp&ecirc;chant de dormir, de boire ou de brouter l&rsquo;herbe et les jeunes pousses de saule et de bouleau. Dans son d&eacute;sespoir, l&rsquo;&eacute;lan piquait des galops furieux et sans but ; Buck le suivait d&rsquo;une allure facile, se couchant quand sa victime s&rsquo;arr&ecirc;tait, mais l&rsquo;attaquant d&egrave;s qu&rsquo;elle faisait mine de manger ou de boire.</p>\r\n<p>La lourde t&ecirc;te s&rsquo;abaissait de plus en plus sous ses bois &eacute;normes, et le trot tra&icirc;nant se ralentissait ; pendant de longs moments, l&rsquo;animal demeurait immobile, le nez baiss&eacute; vers la terre, les oreilles pendantes et molles ; l&rsquo;implacable chasseur pouvait alors se reposer et boire lui-m&ecirc;me.</p>\r\n<p>Et dans ces instants de r&eacute;pit, quand Buck demeurait couch&eacute;, haletant, sa langue rouge allong&eacute;e sur ses dents blanches, il lui semblait pressentir un changement subtil dans la contr&eacute;e. On e&ucirc;t dit que des &ecirc;tres nouveaux y avaient p&eacute;n&eacute;tr&eacute;, en m&ecirc;me temps que les &eacute;lans descendaient des hauteurs : la for&ecirc;t, l&rsquo;onde et l&rsquo;air d&eacute;celaient leur pr&eacute;sence qu&rsquo;un sens myst&eacute;rieux lui r&eacute;v&eacute;lait ; et il r&eacute;solut, sa chasse termin&eacute;e, d&rsquo;approfondir cette &eacute;trange et attirante &eacute;nigme.</p>\r\n<p>Le soir du quatri&egrave;me jour de chasse, il terrassa enfin le grand &eacute;lan, et pendant vingt-quatre heures il demeura pr&egrave;s de sa proie, mangeant et dormant tour &agrave; tour. Puis, repos&eacute;, rafra&icirc;chi, et vigoureux, il reprit le chemin du camp de Thornton. Il allait d&rsquo;un long galop ais&eacute; qui durait des heures enti&egrave;res, sans jamais se tromper, se dirigeant avec une s&ucirc;ret&eacute; humiliante pour l&rsquo;homme et son aiguille magn&eacute;tique.</p>\r\n<p>Tout en marchant, ce changement pressenti s&rsquo;affirmait &agrave; lui de plus en plus. Il y avait dans le pays une pr&eacute;sence nouvelle ; et cette conviction ne venait plus seulement de son instinct propre ; le t&eacute;moignage des autres animaux, celui de la brise m&ecirc;me la confirmait en lui. Plusieurs fois il s&rsquo;arr&ecirc;ta pour respirer l&rsquo;air frais du matin et d&eacute;chiffrer un message qui lui faisait reprendre sa course avec plus d&rsquo;ardeur, car il sentait le drame tout proche &ndash; une calamit&eacute; imminente, sinon d&eacute;j&agrave; consomm&eacute;e. Aussi, apr&egrave;s avoir travers&eacute; la derni&egrave;re cascade, descendit-il vers le camp en redoublant de circonspection.</p>\r\n<p>Au bout de trois miles, il rencontra une piste fra&icirc;che, menant droit au camp de John Thornton. Buck se h&acirc;tait, le poil h&eacute;riss&eacute;, les nerfs tendus, attentif &agrave; mille d&eacute;tails qui lui confirmaient certains faits, sans lui en donner la conclusion.</p>\r\n<p>Son odorat lui r&eacute;v&eacute;lait le passage d&rsquo;&ecirc;tres vivants sur les traces desquels il courait. Le silence absolu de la for&ecirc;t le frappa ; les oiseaux avaient fui et les &eacute;cureuils se cachaient au creux des arbres.</p>\r\n<p>Tandis que Buck glissait, rapide et furtif comme une ombre, une senteur irr&eacute;sistible le prit soudain &agrave; la gorge et le d&eacute;tourna de sa route. Cette nouvelle piste l&rsquo;amena dans un taillis o&ugrave; il trouva son camarade Nig, gisant sur le flanc, travers&eacute; de part en part par une fl&egrave;che barbel&eacute;e. Cent m&egrave;tres plus loin, Buck, sans s&rsquo;arr&ecirc;ter, vit un des chiens indig&egrave;nes achet&eacute;s &agrave; Dawson qui se tordait dans les derni&egrave;res convulsions de l&rsquo;agonie.</p>\r\n<p>Il entendit alors s&rsquo;&eacute;lever du camp une sorte de m&eacute;lop&eacute;e sauvage et monotone. Rampant &agrave; plat ventre au bord de la clairi&egrave;re, il d&eacute;couvrit le cadavre de Hans, couch&eacute; sur la face, le corps h&eacute;riss&eacute; de fl&egrave;ches comme un porc-&eacute;pic. Mais au m&ecirc;me instant, il aper&ccedil;ut par les interstices des branches un spectacle qui lui fit h&eacute;risser le poil et le remplit d&rsquo;une rage aveugle. La pr&eacute;sence pressentie prenait corps ; elle &eacute;tait visible sous la forme d&rsquo;une troupe de Peaux-Rouges Yeehats, dansant la danse de guerre autour de la cabane en ruine de John Thornton&hellip;</p>\r\n<p>Un grondement f&eacute;roce s&rsquo;&eacute;chappe de la poitrine convuls&eacute;e de Buck ; la passion d&eacute;truit soudain les conseils de la prudence et de la ruse si ch&egrave;rement acquises ; il s&rsquo;&eacute;lance, tombe comme un tourbillon sur les Yeehats ahuris et &eacute;pouvant&eacute;s. Ivre de carnage et de mort, l&rsquo;animal bondit de l&rsquo;un &agrave; l&rsquo;autre, saute sur le chef, lui ouvre la gorge d&rsquo;un coup de dent qui tranche la carotide, et sans s&rsquo;attarder &agrave; l&rsquo;achever, tourne sa rage sur le second guerrier qui subit un sort pareil. En vain les hommes veulent r&eacute;sister ; la b&ecirc;te est partout &agrave; la fois. Elle se d&eacute;robe &agrave; leurs coups et s&egrave;me sur son passage la destruction et la terreur. Les sauvages veulent l&rsquo;abattre &agrave; coups de fl&egrave;ches ; ils se blessent les uns les autres sans atteindre leur ennemi, l&rsquo;un d&rsquo;eux essaye de transpercer de sa lance le d&eacute;mon agile qui bondit au milieu d&rsquo;eux ; l&rsquo;arme p&eacute;n&egrave;tre dans la poitrine d&rsquo;un de ses compagnons qui s&rsquo;abat avec un cri affreux.</p>\r\n<p>Alors la panique s&rsquo;empare des Yeehats. Ils s&rsquo;enfuient terrifi&eacute;s dans la for&ecirc;t, proclamant &agrave; grands cris l&rsquo;apparition de l&rsquo;Esprit du Mal.</p>\r\n<p>Buck, &agrave; la poursuite de ses ennemis, semblait la personnification de la Vengeance infernale. Alt&eacute;r&eacute; de leur sang, il les terrasse dans les taillis, les d&eacute;chire sans piti&eacute; ; affol&eacute;s, d&eacute;cim&eacute;s, ils se dispersent dans toutes les directions et ce ne fut qu&rsquo;une semaine plus tard que les survivants de la lutte purent se r&eacute;unir dans une vall&eacute;e &eacute;cart&eacute;e, pour compter leurs morts et chanter leurs louanges.</p>\r\n<p>Quand Buck, las de poursuivre ses mis&eacute;rables ennemis, revint au camp d&eacute;vast&eacute;, il trouva le corps de Peter, roul&eacute; dans ses couvertures, l&agrave; o&ugrave; la mort l&rsquo;avait surpris d&egrave;s la premi&egrave;re attaque. L&rsquo;&eacute;tat du sol, autour de la hutte, d&eacute;celait la r&eacute;sistance d&eacute;sesp&eacute;r&eacute;e de Thornton.</p>\r\n<p>Buck, le nez &agrave; terre, poussant des cris ardents et plaintifs, suivit jusqu&rsquo;au bord d&rsquo;un &eacute;tang profond toutes les p&eacute;rip&eacute;ties de la lutte que son ma&icirc;tre avait livr&eacute;e. L&agrave;, sur la berge, fid&egrave;le jusque dans la mort, Skeet &eacute;tait couch&eacute;e, la t&ecirc;te et les pattes de devant baignant dans les flots rougis de sang&hellip; Les eaux troubles et profondes cachaient &agrave; jamais le corps de John Thornton.</p>\r\n<p>Buck passa le jour entier &agrave; errer autour de l&rsquo;&eacute;tang, poussant des g&eacute;missements lugubres ou des hurlements d&eacute;sol&eacute;s. La disparition de son ma&icirc;tre ador&eacute; creusait en son c&oelig;ur un vide profond, impossible &agrave; combler. Seule, la vue de ses victimes portait quelque adoucissement &agrave; sa peine. Fier d&rsquo;avoir tu&eacute; des Hommes, le plus noble des gibiers, il reniflait curieusement les cadavres, surpris d&rsquo;avoir triomph&eacute; si facilement de ceux qui savaient se rendre redoutables &agrave; l&rsquo;occasion.</p>\r\n<p>D&eacute;sormais il ne conna&icirc;trait plus la crainte de l&rsquo;Homme.</p>\r\n<p>La lune parut dans les cieux, baignant la terre d&rsquo;une lumi&egrave;re s&eacute;pulcrale, et Buck sentit avec la nuit monter dans la for&ecirc;t l&rsquo;&eacute;veil d&rsquo;une vie nouvelle.</p>\r\n<p>Il se dressa, humant l&rsquo;air. Des abois lointains retentissaient, se rapprochant rapidement. Il reconnut en eux une part de ce pass&eacute; qui ressuscitait en lui. S&rsquo;avan&ccedil;ant dans la clairi&egrave;re, il &eacute;couta sans trouble et sans remords la voix qui depuis longtemps le sollicitait&hellip;</p>\r\n<p>D&eacute;sormais il &eacute;tait libre &ndash; libre de lui r&eacute;pondre et de lui ob&eacute;ir. John Thornton mort, plus rien ne rattachait Buck &agrave; l&rsquo;Humanit&eacute;.</p>\r\n<p>Comme un flot argent&eacute;, la meute des loups d&eacute;boucha dans la clairi&egrave;re o&ugrave; Buck, immobile comme un chien de pierre, attendait leur venue. Son aspect &eacute;tait si imposant qu&rsquo;ils s&rsquo;arr&ecirc;t&egrave;rent un instant, interdits ; mais un plus hardi que les autres sauta sur le chien qui lui tordit le cou, rapide comme l&rsquo;&eacute;clair. Puis il reprit sa pose majestueuse, sans se pr&eacute;occuper de la b&ecirc;te qui r&acirc;lait &agrave; terre. Trois autres tentent l&rsquo;attaque et se retirent en d&eacute;sordre, la gorge ouverte d&rsquo;une oreille &agrave; l&rsquo;autre.</p>', '2018-11-09 08:40:53', 0);

-- --------------------------------------------------------

--
-- Structure de la table `bl_visits`
--

CREATE TABLE `bl_visits` (
  `id` int(11) NOT NULL,
  `member_id` int(11) NOT NULL,
  `remote_addr` varchar(15) NOT NULL,
  `visit_date` datetime NOT NULL DEFAULT CURRENT_TIMESTAMP
) ENGINE=InnoDB DEFAULT CHARSET=latin1;

--
-- Déchargement des données de la table `bl_visits`
--

INSERT INTO `bl_visits` (`id`, `member_id`, `remote_addr`, `visit_date`) VALUES
(2, 11, '30a1842c7db062c', '2018-10-19 07:34:39'),
(3, 8, 'aa3de49f3b175ae', '2018-10-19 07:37:08'),
(4, 8, 'aa3de49f3b175ae', '2018-10-19 07:38:57'),
(5, 8, 'aa3de49f3b175ae', '2018-10-19 16:40:35'),
(6, 11, '30a1842c7db062c', '2018-10-19 20:48:59'),
(7, 8, 'aa3de49f3b175ae', '2018-10-19 20:49:18'),
(8, 8, 'aa3de49f3b175ae', '2018-10-20 07:10:07'),
(9, 8, 'aa3de49f3b175ae', '2018-10-20 07:40:50'),
(10, 8, 'aa3de49f3b175ae', '2018-10-20 08:09:02'),
(11, 8, 'aa3de49f3b175ae', '2018-10-20 08:10:23'),
(12, 11, '30a1842c7db062c', '2018-10-20 08:18:45'),
(13, 8, 'aa3de49f3b175ae', '2018-10-20 13:37:26'),
(14, 8, 'aa3de49f3b175ae', '2018-10-22 14:21:02'),
(15, 11, '30a1842c7db062c', '2018-10-28 07:05:47'),
(16, 8, 'aa3de49f3b175ae', '2018-10-28 11:57:13'),
(17, 8, 'aa3de49f3b175ae', '2018-10-29 06:38:50'),
(18, 8, 'aa3de49f3b175ae', '2018-10-29 06:41:38'),
(19, 8, 'aa3de49f3b175ae', '2018-11-07 15:34:13'),
(20, 11, '30a1842c7db062c', '2018-11-07 15:37:06'),
(21, 8, 'aa3de49f3b175ae', '2018-11-07 15:37:39'),
(22, 8, '071e738008bfa60', '2018-11-07 20:51:57'),
(23, 8, '071e738008bfa60', '2018-11-07 21:37:19'),
(24, 8, 'aa3de49f3b175ae', '2018-11-08 17:33:06'),
(25, 8, 'aa3de49f3b175ae', '2018-11-09 08:32:07'),
(26, 8, 'aa3de49f3b175ae', '2018-11-09 11:32:08'),
(27, 11, '30a1842c7db062c', '2018-11-11 11:19:45'),
(28, 8, 'aa3de49f3b175ae', '2018-11-11 12:28:26'),
(29, 8, 'aa3de49f3b175ae', '2018-11-11 13:29:17'),
(30, 11, '30a1842c7db062c', '2018-11-12 17:03:52'),
(31, 8, 'aa3de49f3b175ae', '2018-11-12 17:07:58');

--
-- Index pour les tables déchargées
--

--
-- Index pour la table `bl_comments`
--
ALTER TABLE `bl_comments`
  ADD PRIMARY KEY (`id`),
  ADD KEY `post_id` (`post_id`),
  ADD KEY `author` (`author`);

--
-- Index pour la table `bl_members`
--
ALTER TABLE `bl_members`
  ADD PRIMARY KEY (`members_id`);

--
-- Index pour la table `bl_posts`
--
ALTER TABLE `bl_posts`
  ADD PRIMARY KEY (`id`);

--
-- Index pour la table `bl_visits`
--
ALTER TABLE `bl_visits`
  ADD PRIMARY KEY (`id`);

--
-- AUTO_INCREMENT pour les tables déchargées
--

--
-- AUTO_INCREMENT pour la table `bl_comments`
--
ALTER TABLE `bl_comments`
  MODIFY `id` int(11) NOT NULL AUTO_INCREMENT, AUTO_INCREMENT=39;
--
-- AUTO_INCREMENT pour la table `bl_members`
--
ALTER TABLE `bl_members`
  MODIFY `members_id` int(11) NOT NULL AUTO_INCREMENT, AUTO_INCREMENT=12;
--
-- AUTO_INCREMENT pour la table `bl_posts`
--
ALTER TABLE `bl_posts`
  MODIFY `id` int(11) NOT NULL AUTO_INCREMENT, AUTO_INCREMENT=20;
--
-- AUTO_INCREMENT pour la table `bl_visits`
--
ALTER TABLE `bl_visits`
  MODIFY `id` int(11) NOT NULL AUTO_INCREMENT, AUTO_INCREMENT=32;COMMIT;

/*!40101 SET CHARACTER_SET_CLIENT=@OLD_CHARACTER_SET_CLIENT */;
/*!40101 SET CHARACTER_SET_RESULTS=@OLD_CHARACTER_SET_RESULTS */;
/*!40101 SET COLLATION_CONNECTION=@OLD_COLLATION_CONNECTION */;
